# Blender 4.4.1
# www.blender.org
mtllib geloMenor.mtl
o Mesh_0
v -0.132099 -0.953028 -0.486792
v 0.037485 -0.945520 -0.537898
v 0.192092 -0.945294 -0.502201
v 0.051551 -0.953026 -0.509959
v 0.525400 -0.224768 -0.260949
v 0.543947 -0.260146 -0.219161
v 0.585149 -0.243175 0.036831
v 0.518326 -0.262749 0.284845
v 0.440094 -0.172702 0.389448
v 0.311489 -0.945262 -0.437643
v 0.479931 -0.250737 0.338175
v 0.268900 -0.953031 -0.424677
v 0.335667 -0.169634 0.478920
v 0.225049 -0.358121 0.538160
v 0.287671 -0.185910 0.510763
v 0.022452 -0.196322 0.585080
v -0.039988 -0.166029 0.581596
v -0.045010 -0.221134 0.585127
v -0.514233 -0.303173 -0.280662
v -0.562689 -0.184848 -0.168716
v -0.515456 -0.203553 -0.287673
v -0.585168 -0.274328 -0.040439
v -0.585082 -0.227381 0.026209
v -0.581213 -0.170254 0.025440
v -0.581027 -0.219603 -0.045037
v -0.111546 -0.174168 0.573385
v -0.178082 -0.174168 0.561644
v -0.291674 -0.327777 0.508698
v -0.569472 -0.256360 0.154599
v -0.564438 -0.277608 0.160995
v -0.565934 -0.198850 0.153207
v -0.573894 -0.141020 0.098095
v -0.577604 -0.242433 0.090403
v -0.135523 -0.945479 -0.520405
v 0.031624 -0.186553 -0.585138
v -0.036225 -0.487613 -0.585128
v 0.101211 -0.108251 -0.573635
v 0.158022 -0.223403 -0.568681
v 0.217181 -0.199434 -0.542409
v 0.156671 -0.168091 -0.565834
v 0.276672 -0.119310 -0.518220
v 0.275547 -0.207308 -0.522774
v -0.097021 -0.110973 -0.577256
v 0.376010 -0.249140 -0.454337
v 0.393447 -0.945597 -0.361898
v 0.402494 -0.953033 -0.296948
v 0.421331 -0.176168 -0.408380
v -0.281693 -0.174582 -0.518875
v -0.283942 -0.120681 -0.513427
v 0.460681 -0.145125 -0.358032
v 0.497335 -0.153380 -0.309778
v 0.525558 -0.129722 -0.261875
v 0.569935 -0.165056 -0.144922
v 0.584837 -0.186898 -0.026059
v 0.581656 -0.169942 0.032000
v 0.565132 -0.257972 0.167483
v 0.515546 -0.162326 0.285605
v 0.393346 -0.181997 0.436043
v -0.301308 -0.953026 -0.403236
v 0.004951 -0.114404 0.581788
v -0.477028 -0.189269 -0.340885
v -0.510724 -0.150038 -0.286935
v -0.436399 -0.142857 -0.393346
v -0.172915 -0.953037 -0.217990
v -0.460423 -0.953034 -0.216492
v -0.541676 -0.205590 -0.221034
v -0.180667 -0.117679 0.556947
v -0.289388 -0.945510 -0.451935
v -0.578833 -0.122292 -0.067635
v -0.443713 -0.130156 0.382179
v -0.483831 -0.163155 0.329813
v -0.299107 -0.183619 0.506856
v -0.040044 -0.953033 -0.276061
v -0.022322 -0.152963 -0.585834
v 0.164313 -0.099804 -0.565233
v 0.111372 -0.953034 -0.249171
v -0.043375 -0.949106 -0.253764
v 0.470768 -0.945171 -0.260609
v 0.461036 -0.953031 -0.192058
v -0.215717 -0.111156 -0.544163
v -0.162467 -0.118363 -0.565459
v 0.335893 -0.139712 -0.475631
v 0.378573 -0.147452 -0.446554
v -0.068964 -0.948945 -0.228725
v -0.209019 -0.949068 -0.162431
v 0.544582 -0.104517 -0.205074
v 0.566462 -0.070312 -0.148182
v 0.581166 -0.128606 -0.027375
v 0.565712 -0.103591 0.161151
v 0.538441 -0.169075 0.224055
v 0.434114 -0.110527 0.389503
v 0.288327 -0.067902 0.510627
v 0.091976 -0.185909 0.577299
v -0.177967 -0.949106 -0.168558
v -0.111546 -0.048924 0.573385
v -0.244090 -0.095347 0.530959
v -0.293285 -0.070957 0.506192
v -0.581146 -0.098080 0.026777
v -0.489877 -0.945810 -0.217625
v -0.429449 -0.945421 -0.328961
v -0.519083 -0.087568 0.274836
v -0.564870 -0.038188 0.157647
v -0.400913 -0.102258 0.428704
v 0.063215 -0.949085 -0.226774
v -0.465561 -0.076685 0.345411
v 0.206405 -0.953032 -0.167095
v 0.014760 -0.071081 -0.582504
v -0.247415 -0.953028 -0.130339
v -0.280585 -0.054350 -0.513686
v -0.220647 -0.033766 -0.538330
v 0.123354 -0.949087 -0.218382
v 0.422740 -0.072527 -0.402580
v 0.485553 -0.065510 -0.323566
v -0.433790 -0.082460 -0.390153
v -0.391546 -0.117223 -0.438433
v 0.576182 -0.086794 -0.057201
v 0.258343 -0.953029 -0.049045
v 0.573696 -0.079404 0.096942
v 0.560570 -0.063334 0.167383
v -0.218072 -0.949105 -0.101139
v 0.515564 -0.089626 0.281336
v 0.393485 -0.088143 0.432568
v 0.338552 -0.056752 0.467710
v 0.160616 -0.060775 0.565127
v 0.091977 -0.056752 0.577299
v -0.063667 -0.060193 0.578079
v -0.561555 -0.064752 -0.173633
v -0.510363 -0.017608 -0.287738
v -0.577308 -0.071750 -0.040458
v -0.577793 -0.053223 0.046857
v -0.440313 -0.037182 0.377691
v -0.512235 -0.015798 0.277095
v -0.346380 -0.084149 0.463796
v -0.397260 -0.041096 0.424658
v 0.099629 -0.015968 -0.573591
v -0.094691 -0.042245 -0.576190
v 0.216208 -0.036917 -0.538348
v 0.276683 -0.037046 -0.516299
v -0.330724 -0.013699 -0.471624
v -0.277632 -0.004386 -0.512150
v 0.519449 -0.046219 -0.262692
v 0.576345 -0.024130 -0.061774
v 0.577299 -0.056751 0.037182
v 0.561865 0.002848 0.160033
v 0.145553 -0.949116 -0.172607
v 0.526547 -0.945272 -0.105916
v 0.512668 0.016672 0.276912
v 0.392127 0.007098 0.429306
v 0.501277 -0.953055 0.020772
v 0.158513 -0.017613 0.561644
v -0.031654 0.000818 0.577725
v -0.555143 -0.006390 -0.174064
v -0.184914 -0.029371 0.553936
v -0.574191 0.000026 -0.007100
v -0.564081 0.004937 0.147934
v -0.477010 0.012848 0.321162
v -0.248285 -0.949118 0.020484
v 0.092221 0.026209 0.569464
v -0.095890 0.025440 -0.569472
v 0.011046 -0.020666 -0.578678
v 0.162783 -0.010995 -0.560585
v 0.195300 -0.949016 -0.111270
v -0.157299 -0.016173 -0.560579
v 0.380250 -0.030195 -0.439890
v -0.334209 0.062949 -0.469090
v -0.524827 -0.945861 -0.109478
v 0.486093 -0.012888 -0.314064
v 0.564699 0.017549 -0.140605
v 0.577240 0.052113 0.044031
v 0.233357 -0.949097 -0.068159
v 0.471624 -0.013699 0.330724
v 0.434495 -0.027413 0.385074
v 0.342017 0.016435 0.462661
v 0.283369 -0.000555 0.507910
v -0.262585 -0.953020 0.051755
v -0.019743 0.029840 0.574646
v -0.105290 0.017445 0.570619
v -0.555596 0.054104 -0.171260
v -0.295014 0.052340 0.502211
v -0.499908 -0.953034 0.024497
v -0.346380 0.045010 0.459883
v -0.399293 0.024046 0.422905
v -0.440423 0.076323 0.376235
v -0.230313 -0.949140 0.015108
v 0.532813 -0.945473 0.044449
v 0.508316 -0.945309 0.164688
v 0.104305 0.036904 -0.568763
v 0.160007 0.092700 -0.556729
v 0.165204 0.018766 0.560449
v 0.220233 -0.949060 -0.016582
v -0.037876 0.069613 -0.576934
v 0.279755 0.046756 -0.510780
v 0.324202 -0.009765 -0.477416
v -0.200901 -0.948494 0.122434
v -0.215474 0.043794 -0.539260
v 0.377691 0.072407 -0.440313
v 0.422657 0.065798 -0.398844
v 0.491195 0.072407 -0.307240
v -0.432599 0.070651 -0.388926
v -0.387517 0.015449 -0.432380
v 0.520657 0.040404 -0.259276
v 0.546758 -0.012733 -0.198530
v 0.573089 0.112973 -0.034755
v 0.559732 0.047215 0.164474
v 0.444489 0.084516 0.369354
v -0.509627 0.057035 -0.278755
v -0.174714 0.051543 0.554023
v -0.236788 0.088064 0.522507
v -0.173149 -0.942019 0.142965
v -0.573304 0.072521 -0.043046
v -0.568928 0.033592 -0.105202
v -0.466099 -0.953033 0.182087
v -0.396914 0.109393 0.419703
v -0.559639 0.073050 0.157246
v -0.573445 0.082402 0.028132
v 0.228106 -0.953018 0.124741
v -0.514596 0.062196 0.270635
v 0.039751 0.109268 -0.576968
v 0.209628 -0.949120 0.071751
v 0.099804 0.111546 -0.569472
v 0.429425 -0.953031 0.250892
v -0.158555 0.081954 -0.556493
v -0.045512 0.113951 -0.572300
v -0.529855 -0.945226 0.101498
v 0.290767 0.084391 0.501217
v -0.209393 -0.953033 0.170254
v 0.087505 0.097288 0.569924
v 0.022283 0.122891 0.572584
v -0.190085 -0.948959 0.203962
v 0.217444 0.092494 -0.529925
v 0.357240 0.111099 -0.452297
v 0.427889 0.130445 -0.378760
v 0.224506 -0.949097 0.088213
v -0.278151 0.151566 -0.502155
v -0.280355 0.079904 -0.510088
v 0.511732 0.148448 -0.251045
v 0.567515 0.093934 0.097847
v 0.510039 0.089403 0.270620
v 0.392883 0.088883 0.428856
v -0.424526 0.140765 -0.387491
v -0.102282 0.103533 0.565259
v -0.192516 0.142634 0.540117
v -0.561644 0.127202 -0.103718
v 0.387468 -0.945063 0.375394
v -0.533801 0.122821 -0.206736
v -0.568872 0.162605 -0.045109
v 0.096043 -0.953031 0.247850
v -0.527144 0.112986 0.224280
v -0.561274 0.132634 0.114034
v -0.463155 0.150166 0.333674
v 0.185557 -0.949131 0.122201
v 0.161250 0.127995 0.551038
v 0.037404 0.179458 -0.566654
v 0.099804 0.154599 -0.561644
v 0.279668 0.171496 -0.501734
v -0.147885 0.173658 -0.552416
v 0.389432 0.158513 0.420744
v 0.279312 0.160409 0.504692
v -0.379722 0.129231 -0.432959
v -0.318676 0.184781 -0.472251
v 0.484586 0.144066 -0.302484
v -0.162069 -0.948355 0.200851
v 0.535982 0.126490 -0.197696
v 0.559235 0.103464 -0.145295
v 0.567335 0.163574 0.084248
v 0.552408 0.150005 0.151801
v 0.502124 0.160226 0.272905
v 0.119583 -0.949099 0.187821
v -0.034394 -0.953018 0.295161
v -0.045094 0.118660 0.573375
v -0.113252 0.186534 0.559865
v -0.058572 -0.949402 0.256082
v -0.498543 0.130051 -0.283095
v -0.201437 -0.953024 0.223247
v -0.467468 0.186011 -0.323972
v -0.544588 0.189003 -0.164148
v -0.296258 0.167716 0.491212
v -0.571352 0.178002 0.025647
v -0.433647 0.191019 0.369531
v -0.503149 0.168674 0.268547
v 0.088597 -0.949077 0.229538
v 0.287671 0.193738 0.499022
v 0.158513 0.189824 0.549902
v 0.099804 0.197652 -0.561644
v 0.160842 0.222061 -0.544442
v -0.029432 0.234985 -0.561693
v 0.021527 0.193738 0.569472
v -0.047919 0.219221 0.563901
v 0.330724 0.244622 -0.459883
v -0.059670 -0.949137 0.240244
v 0.471176 0.213693 -0.321632
v -0.375327 0.233064 -0.425559
v -0.491088 -0.945633 0.219707
v 0.528100 0.223191 -0.202911
v 0.565426 0.173324 -0.083161
v 0.568758 0.195943 -0.035930
v -0.380396 -0.953044 0.328866
v 0.471948 0.251455 0.311614
v 0.332793 0.238689 0.459839
v -0.525021 0.180726 -0.225399
v -0.496277 0.242534 -0.279990
v -0.556125 0.224823 -0.107774
v -0.392690 0.249480 0.411249
v 0.181187 -0.953034 0.469788
v -0.560561 0.185314 0.097963
v 0.292262 -0.945137 0.452065
v -0.503131 0.272201 0.267027
v 0.330571 -0.953031 0.377133
v 0.283757 0.236791 0.491194
v 0.104535 0.251863 -0.551282
v -0.092724 0.154147 -0.565378
v 0.280503 0.244024 -0.494216
v -0.313573 -0.945359 0.441964
v -0.271870 0.203713 -0.503752
v -0.422504 -0.945309 0.337712
v 0.380549 0.224213 -0.425221
v 0.417186 0.224704 -0.387754
v 0.508434 0.216497 -0.255395
v -0.224698 -0.953034 0.447092
v -0.021788 -0.953040 0.509108
v 0.568773 0.218445 0.029762
v -0.220614 -0.944290 0.496374
v 0.503727 0.239885 0.270270
v -0.113045 -0.945919 0.529198
v 0.429115 0.221965 0.371458
v 0.204991 -0.944750 0.499606
v 0.386618 0.205185 0.421897
v 0.102266 -0.945630 0.530913
v -0.168684 0.252941 0.537507
v -0.419726 0.273511 -0.378054
v -0.522505 0.252446 -0.225049
v 0.248299 -0.926852 -0.500095
v -0.085465 -0.932679 -0.546458
v 0.394834 -0.934132 -0.382667
v -0.300152 0.227651 0.487479
v -0.309246 -0.932613 -0.460303
v -0.549355 0.184567 0.151537
v 0.498998 -0.926969 -0.255609
v -0.389966 -0.933886 -0.392498
v 0.158153 0.236078 0.542670
v -0.029739 -0.945373 -0.216581
v 0.090752 0.211481 0.559882
v 0.037786 0.272200 -0.561498
v -0.065164 -0.942139 -0.210563
v -0.172958 0.291497 0.534671
v 0.010010 -0.934444 -0.206416
v -0.030416 -0.933919 -0.204952
v -0.095565 -0.930292 -0.186968
v -0.154589 0.280430 -0.541930
v 0.040741 -0.939352 -0.210337
v 0.067092 -0.934265 -0.194140
v 0.273619 0.307489 0.492918
v -0.171361 -0.945041 -0.154451
v 0.407058 0.298558 -0.386004
v -0.119515 -0.942511 -0.185447
v -0.323208 0.265462 -0.463418
v 0.548197 -0.934108 -0.052791
v 0.475378 0.312025 -0.294273
v 0.100249 -0.934336 -0.175653
v 0.541582 0.295580 -0.135099
v -0.162147 -0.937566 -0.148571
v 0.560474 0.264407 -0.004627
v -0.188318 -0.937097 -0.107578
v 0.538115 0.283458 0.152995
v -0.498262 -0.934147 -0.245658
v 0.132026 -0.933633 -0.148471
v -0.460379 0.272142 -0.328573
v -0.239343 0.276882 0.509278
v -0.300659 0.286665 0.476427
v 0.185917 -0.940938 -0.098263
v -0.204755 -0.943742 -0.078172
v -0.554272 0.339872 0.020791
v 0.162427 -0.917809 -0.091977
v 0.032748 0.223827 0.126987
v 0.007821 0.217533 0.126165
v 0.193107 -0.934048 -0.054373
v -0.212755 -0.944363 0.000009
v -0.017861 0.223503 0.108905
v -0.019527 0.218284 0.131324
v -0.039082 0.223432 0.150705
v -0.017267 0.217734 0.175872
v -0.537975 -0.945530 0.000179
v -0.563404 -0.913087 -0.078180
v -0.017860 0.226783 0.203479
v -0.199359 -0.938488 0.059364
v 0.008216 0.217846 0.187676
v 0.047551 0.225504 0.146189
v 0.033986 0.239593 0.084375
v -0.062611 0.233649 0.166772
v -0.346380 0.307241 0.448141
v -0.460692 0.303286 0.320882
v -0.049895 0.232971 0.121596
v 0.058815 0.235156 0.184118
v 0.078787 0.251524 0.182621
v -0.054461 0.234656 0.190851
v -0.202355 -0.945370 0.078812
v 0.195772 -0.939830 0.068141
v 0.007755 0.243909 0.064984
v 0.205451 -0.940169 0.008623
v -0.183234 -0.937765 0.114756
v -0.079858 0.258074 0.203615
v -0.164770 -0.925306 0.154406
v -0.149546 -0.931315 0.182570
v 0.522454 -0.935172 0.169837
v -0.070742 0.241792 0.128054
v 0.471184 -0.945825 0.251464
v 0.170403 -0.941034 0.117827
v 0.172006 -0.931364 0.095789
v -0.089315 0.252893 0.161126
v -0.150815 -0.940398 0.192320
v 0.035744 0.244130 0.233054
v 0.220141 0.272459 0.518992
v 0.138802 0.323699 0.539578
v 0.097247 -0.938149 0.182038
v 0.124220 -0.938489 0.159196
v -0.079761 0.304496 0.551511
v -0.103718 -0.945205 0.213307
v 0.172499 0.315785 -0.532314
v -0.077447 -0.936742 0.205252
v -0.049318 -0.947661 0.229084
v 0.029951 -0.949156 0.226002
v 0.011563 -0.941742 0.212765
v -0.150685 0.322896 -0.534247
v -0.034312 0.318444 -0.558378
v 0.062929 0.248268 0.089217
v 0.056199 0.249816 0.079366
v -0.024351 0.257691 0.269979
v -0.048924 -0.937378 0.213307
v 0.282580 0.311389 -0.483171
v 0.334838 0.328675 -0.448858
v 0.014221 -0.928686 0.203753
v -0.267856 0.307674 -0.494520
v 0.432310 -0.933437 0.344463
v 0.373777 -0.933464 0.409002
v -0.028446 0.274559 0.041398
v -0.021084 0.247464 0.067182
v -0.467829 -0.922015 0.312700
v -0.283757 -0.929550 0.479452
v -0.337095 -0.918452 0.454140
v 0.088063 -0.929550 0.549902
v 0.023806 -0.921788 0.559155
v -0.063778 0.261295 0.072733
v -0.008354 -0.944699 0.544384
v -0.065667 0.251258 0.091156
v -0.133474 -0.929403 0.540901
v 0.102071 0.272938 0.193642
v 0.093569 0.257329 0.151859
v 0.032465 -0.932168 -0.555549
v 0.440164 0.373363 -0.331061
v 0.168282 -0.927774 -0.532868
v -0.372004 0.322168 -0.416239
v -0.211732 -0.928615 -0.515258
v 0.499022 0.330724 -0.252446
v 0.339122 -0.930791 -0.439886
v 0.551293 0.317151 -0.087521
v 0.555075 0.325448 0.000212
v -0.329494 -0.908397 -0.465304
v 0.532186 0.339123 0.170052
v 0.460496 -0.924029 -0.321855
v -0.518591 -0.913894 -0.228963
v 0.101990 0.270414 0.100349
v -0.449173 -0.921263 -0.343903
v 0.499357 0.310300 0.261624
v 0.532498 -0.932174 -0.151648
v -0.116830 -0.910675 -0.170104
v -0.149378 -0.930775 -0.154701
v -0.176808 -0.924972 -0.121734
v -0.539339 -0.914957 -0.173873
v 0.558787 -0.917507 -0.091303
v 0.562067 -0.922878 0.034443
v -0.197633 -0.924583 -0.002323
v -0.195284 -0.927662 0.056202
v -0.566086 -0.917253 0.039329
v 0.550200 -0.917848 0.136570
v -0.169696 -0.923370 0.133490
v -0.053353 -0.923587 0.203997
v 0.424658 0.330724 0.365949
v 0.390129 0.298958 0.406580
v -0.504947 -0.917965 0.257967
v -0.542076 -0.921244 0.155236
v 0.317477 0.332523 0.461459
v -0.227843 0.359357 0.505846
v 0.058297 0.272797 0.056344
v -0.397075 -0.930710 0.388897
v 0.321843 -0.920270 0.459947
v -0.115459 0.279431 0.143563
v 0.274676 -0.918796 0.492610
v 0.218957 -0.917109 0.519918
v 0.003194 0.258267 0.275487
v 0.033271 0.274171 0.294013
v -0.289106 -0.899651 0.496791
v -0.046838 -0.900314 0.569750
v -0.512721 0.315451 -0.221358
v -0.107692 -0.900614 0.562637
v 0.008623 0.276277 0.038244
v 0.034062 -0.904883 -0.183617
v 0.064363 0.263240 0.241745
v 0.097763 -0.915884 -0.163759
v -0.049316 0.272224 0.274605
v 0.151388 -0.932778 -0.122501
v 0.181941 -0.912346 -0.049140
v -0.553770 0.342568 -0.041388
v 0.164900 -0.899201 -0.072001
v 0.190344 -0.913379 0.007604
v 0.175990 -0.914264 0.074953
v 0.131930 -0.933322 0.132801
v 0.101683 0.299779 0.062941
v -0.127587 -0.929391 0.195179
v 0.076063 -0.924727 0.183475
v 0.099467 -0.910226 0.159351
v -0.096272 0.271487 0.096224
v -0.151358 -0.900386 -0.151805
v -0.170254 -0.913894 -0.138943
v 0.131796 0.296703 0.140877
v -0.187894 -0.924748 -0.091687
v -0.197624 -0.898127 -0.040861
v -0.198313 -0.933380 -0.036114
v -0.073121 0.279348 0.260789
v -0.197627 -0.900055 0.043556
v -0.410241 0.352914 0.375945
v -0.123448 -0.894659 0.194862
v 0.134512 0.306187 0.187340
v 0.072811 -0.914077 -0.563974
v -0.131509 0.301421 0.111125
v -0.136150 0.301551 0.151820
v 0.131115 -0.898239 -0.561644
v 0.037547 0.313988 0.341252
v -0.105793 -0.906608 -0.561429
v 0.002904 -0.901531 -0.576507
v -0.499765 0.351720 0.250075
v 0.319878 -0.906793 -0.474236
v 0.021783 0.295298 0.559201
v -0.226832 -0.890817 -0.531858
v 0.018400 0.339533 -0.000616
v 0.396264 -0.909777 -0.410410
v 0.445224 -0.885129 -0.373427
v -0.462816 -0.896318 -0.342486
v 0.125504 0.314292 0.072210
v -0.378013 -0.907317 -0.431044
v -0.117445 0.289230 0.195608
v 0.544080 -0.901467 -0.186009
v 0.069253 0.308453 0.034731
v -0.549902 -0.890411 -0.170254
v -0.526022 -0.894273 -0.242192
v -0.024355 -0.914486 -0.192996
v 0.044415 0.292787 0.036727
v -0.052376 -0.905256 -0.182492
v -0.094490 0.298763 0.058682
v 0.005729 -0.905011 -0.189996
v -0.114392 0.298312 0.081587
v -0.088424 -0.904612 -0.179891
v -0.051950 0.302579 0.322553
v 0.197972 0.359718 0.518573
v -0.062102 0.330504 0.548815
v 0.573392 -0.900422 0.012901
v -0.160704 0.370480 0.529872
v 0.119124 -0.904666 -0.132236
v 0.087076 -0.902233 -0.155003
v 0.139719 0.349332 -0.534445
v -0.189336 0.368118 -0.518522
v -0.090097 0.309691 -0.551785
v 0.561719 -0.880267 0.154573
v -0.069241 0.327826 0.019923
v 0.111201 -0.923810 0.141171
v 0.156758 -0.904655 0.082731
v 0.499297 -0.916210 0.270449
v 0.441845 -0.914952 0.357573
v 0.104267 0.310568 0.266054
v 0.386509 -0.897242 0.428160
v 0.338552 -0.894325 0.467710
v 0.134189 -0.906346 -0.110610
v 0.409715 0.408681 -0.360432
v 0.550390 0.312978 0.094697
v -0.573112 -0.872148 -0.103168
v 0.491484 0.372021 0.259384
v 0.171919 -0.900269 -0.046396
v 0.179317 -0.902180 0.001414
v -0.172496 -0.901054 0.141610
v 0.540061 0.393440 -0.090741
v -0.158513 -0.894325 0.181996
v -0.555301 -0.889022 0.173269
v -0.574792 -0.884482 0.083495
v 0.139506 0.307730 0.156010
v 0.030582 -0.901550 0.192091
v 0.080235 -0.902153 0.178082
v -0.405781 0.400775 -0.366271
v -0.008534 -0.902118 0.198289
v -0.120149 0.311289 0.077114
v -0.515727 -0.878246 0.268923
v -0.528276 0.366948 -0.160791
v -0.483783 0.382573 -0.262508
v -0.016821 0.322838 0.007318
v 0.067496 0.342351 0.012139
v 0.049134 0.354321 0.001965
v -0.397260 -0.890410 0.420744
v 0.221135 -0.890411 0.534247
v 0.157794 -0.869884 0.561099
v 0.135628 0.308811 0.102702
v 0.154362 -0.918078 0.543575
v -0.175301 -0.902597 0.544761
v -0.235272 -0.901944 0.522367
v 0.089073 -0.901902 0.565376
v 0.132462 0.318737 0.222197
v -0.174981 -0.897888 -0.142159
v 0.069795 0.311025 0.324494
v 0.112721 0.332210 0.298305
v -0.117372 0.335765 0.044543
v -0.284029 0.367196 0.478292
v -0.195749 -0.898591 0.075103
v -0.330179 0.417168 0.445510
v 0.124948 -0.899106 0.097133
v 0.143827 -0.893832 0.068201
v -0.038520 -0.894616 -0.170516
v -0.107120 -0.893338 -0.167285
v -0.139805 0.350427 0.273135
v -0.068658 0.342116 0.355607
v -0.033942 0.333713 0.359411
v -0.183702 -0.894836 0.114011
v 0.005871 0.350294 0.373777
v 0.004939 0.307599 0.343293
v -0.156514 -0.883258 0.173422
v -0.064633 -0.899229 0.199230
v 0.067954 0.357339 0.544964
v 0.074197 -0.860245 -0.581347
v 0.195930 -0.888648 -0.544707
v 0.249389 -0.891037 -0.523524
v -0.119587 0.342295 0.300660
v -0.099716 -0.860217 -0.577589
v 0.405538 -0.864430 -0.422858
v -0.273307 -0.897189 -0.508519
v 0.480287 -0.881822 -0.328250
v -0.527732 0.424420 0.144573
v 0.514272 -0.884077 -0.268620
v -0.431146 -0.850357 -0.398372
v -0.453273 0.395824 0.315254
v 0.573679 -0.888656 -0.095893
v -0.154605 0.345252 0.092592
v -0.017354 -0.890085 -0.170842
v 0.155719 0.327781 0.156182
v 0.084149 -0.890411 -0.131115
v 0.048057 -0.890291 -0.154707
v -0.088063 0.405088 -0.538160
v 0.037819 0.421825 -0.546368
v 0.575902 -0.882874 0.094855
v 0.173433 -0.902676 0.043599
v 0.099804 -0.909980 0.123288
v 0.093572 -0.896037 0.101670
v 0.115460 -0.890411 0.076321
v 0.076321 -0.894325 0.162427
v 0.146030 0.352624 0.061315
v 0.082247 -0.907488 0.134139
v 0.515130 -0.866766 0.278310
v 0.130477 0.360287 0.036539
v 0.027976 -0.891803 0.185201
v 0.268864 0.390299 -0.479317
v 0.435266 -0.880908 0.387424
v -0.190167 0.408150 -0.508906
v 0.394771 -0.858970 0.434372
v 0.102520 0.381739 0.007838
v 0.059652 0.390806 -0.014256
v -0.537744 -0.850281 -0.232667
v -0.185351 -0.896246 -0.101781
v -0.188172 -0.885829 -0.072112
v 0.166271 0.352753 0.110235
v 0.131919 -0.894765 -0.083141
v 0.255883 0.366912 0.493898
v -0.583059 -0.874577 0.017812
v 0.330720 0.359678 -0.443185
v -0.577689 -0.886943 -0.048416
v -0.569972 -0.832133 0.149461
v 0.544394 0.386295 -0.032611
v 0.539742 0.403634 0.031021
v 0.221659 -0.846155 0.542944
v 0.018446 -0.887989 0.577826
v -0.138971 0.350652 0.057265
v -0.168698 -0.884069 -0.137699
v -0.193712 -0.886299 0.060584
v 0.531330 0.394274 0.146787
v 0.161750 0.353749 0.212959
v 0.080235 0.362035 0.365949
v -0.158736 -0.890500 0.138423
v 0.113187 0.358971 0.339302
v 0.139679 0.372411 0.324604
v 0.068493 -0.898239 0.107632
v 0.084149 -0.890411 0.091976
v 0.096252 -0.890096 0.060742
v -0.101806 0.347575 0.338666
v 0.064579 -0.906067 0.146771
v -0.068493 0.373777 0.377691
v -0.083427 -0.887042 0.189615
v -0.239639 0.395671 0.501224
v 0.017129 0.357696 0.547942
v -0.014036 -0.888910 0.188161
v -0.058409 0.365022 0.546627
v -0.442364 -0.885753 0.374123
v -0.483799 -0.870342 0.329355
v -0.308357 0.439760 -0.443384
v -0.350217 -0.876551 0.465652
v 0.459213 0.433995 -0.288675
v -0.179795 -0.848807 0.560625
v 0.511225 0.377021 -0.202678
v 0.524874 0.420762 -0.147493
v -0.025754 -0.887332 -0.154062
v 0.464693 0.394866 0.304516
v 0.408701 0.449585 0.363657
v 0.005871 0.385519 0.409002
v -0.128313 -0.886806 -0.150681
v 0.090474 -0.893649 -0.121483
v -0.443501 0.416865 -0.316584
v 0.127702 -0.894315 0.020626
v 0.056752 -0.906067 0.131115
v -0.147475 0.332288 0.215894
v 0.048924 -0.898239 0.103718
v 0.066923 -0.890673 0.085607
v 0.042239 -0.893328 0.164513
v 0.037182 -0.902153 0.146771
v 0.027751 -0.902826 0.128258
v -0.200669 0.424598 0.506647
v 0.050781 -0.885967 0.066957
v -0.539009 0.401828 -0.103935
v 0.004325 -0.889522 -0.165350
v -0.184171 0.391772 0.096722
v 0.012789 -0.882031 -0.137945
v 0.172750 0.403679 0.518494
v 0.118211 0.386297 0.532483
v 0.041078 -0.886504 -0.099171
v 0.017410 0.389097 -0.026955
v 0.143898 -0.891438 -0.062786
v 0.160383 -0.894432 0.007979
v 0.126610 -0.894331 -0.044775
v 0.022391 -0.890275 0.098148
v 0.042559 -0.885918 0.045061
v 0.008191 -0.887782 0.170275
v 0.170098 0.405930 0.047800
v -0.032151 -0.886561 0.171693
v -0.005871 -0.898239 0.138943
v -0.025388 -0.890290 0.115048
v -0.539847 0.414286 0.081967
v -0.538756 0.427007 -0.020017
v 0.182947 0.376695 0.131734
v 0.164175 0.382217 0.273135
v 0.016423 -0.872457 -0.585006
v -0.099134 0.399120 0.385730
v 0.198599 -0.845248 -0.553463
v -0.033411 0.384878 0.403754
v 0.048105 0.379472 0.538656
v -0.156759 -0.887158 -0.557036
v 0.309979 -0.864055 -0.496363
v 0.357799 -0.865839 -0.462492
v -0.054826 0.375995 -0.010183
v -0.386375 -0.854313 -0.442600
v -0.113823 0.401973 0.004419
v -0.338469 -0.862899 -0.476820
v -0.109105 0.371218 0.015318
v 0.462046 -0.846105 -0.365440
v 0.545641 -0.863391 -0.216062
v 0.564451 -0.861323 -0.158879
v -0.150685 -0.882583 -0.127202
v -0.160555 -0.886601 -0.095944
v 0.188178 0.412402 0.084582
v -0.379514 0.424472 0.402290
v -0.455589 0.445319 0.311607
v -0.176722 -0.882482 -0.073897
v -0.110052 0.394661 0.526558
v -0.490250 0.414800 0.260630
v 0.103274 -0.894334 -0.005731
v -0.199192 0.419185 0.121454
v -0.184992 0.379376 0.151506
v 0.155438 0.427946 -0.519010
v 0.118867 -0.894982 0.058063
v -0.021546 0.419127 -0.544887
v 0.045840 0.384830 0.399504
v 0.539922 -0.877218 0.224205
v 0.106060 0.392642 0.372469
v -0.113242 -0.887118 0.171000
v -0.052103 -0.896158 0.137115
v -0.008249 -0.886360 0.078519
v -0.103289 -0.894415 0.135586
v 0.318956 0.494806 -0.424075
v -0.056464 -0.894699 0.115530
v 0.482456 -0.854016 0.334105
v 0.178297 0.424158 0.326194
v 0.441641 -0.837797 0.388190
v -0.262567 0.434215 -0.472470
v -0.507181 -0.871198 -0.289927
v -0.467096 -0.852192 -0.352077
v 0.437035 0.445647 -0.326261
v 0.537456 0.434459 -0.085894
v 0.535636 0.439445 0.081749
v 0.518721 0.497778 0.133653
v -0.185850 0.423579 0.054983
v 0.084997 -0.887123 -0.064442
v -0.180209 0.403198 0.073265
v -0.151885 0.384709 0.322642
v 0.090171 -0.890369 -0.053138
v -0.175947 0.451694 0.362270
v -0.104575 0.416308 0.407979
v -0.034484 0.397157 0.443914
v 0.054902 -0.890418 -0.054357
v 0.083296 -0.890435 -0.015965
v 0.306078 0.409686 0.460261
v -0.437270 0.456335 -0.315293
v -0.341006 0.489855 -0.404932
v 0.075931 -0.890411 0.028594
v 0.484124 0.417864 -0.247223
v -0.110971 0.444445 -0.016475
v -0.040434 -0.881865 0.091429
v -0.138916 0.416084 0.012388
v -0.052705 -0.881735 0.066147
v -0.028682 -0.886527 0.054588
v -0.136168 0.374369 0.033831
v 0.182094 0.448955 0.033874
v 0.196142 0.398327 0.153451
v -0.132535 -0.889991 0.117783
v -0.108072 -0.890451 0.110447
v -0.183984 0.415784 0.277518
v 0.490661 0.420731 0.260944
v 0.451272 0.469895 0.315057
v 0.283604 -0.873877 0.508524
v -0.008654 -0.882532 -0.122358
v 0.020076 0.381008 0.525172
v -0.003201 0.425737 -0.044419
v 0.004640 -0.886607 -0.101448
v -0.018158 0.424439 -0.041115
v 0.029821 -0.885760 -0.116214
v 0.058281 0.465821 -0.043737
v -0.560927 -0.854954 -0.173229
v 0.148003 0.427869 0.011349
v -0.260274 0.424658 0.483366
v -0.355255 0.486028 0.412696
v 0.025559 -0.890462 -0.038357
v 0.039092 -0.886497 -0.055799
v 0.287671 0.440313 0.471624
v 0.229682 0.418986 0.498418
v -0.035915 0.381066 0.530576
v -0.497433 0.437739 -0.216175
v -0.464563 0.483149 -0.267086
v 0.119056 0.478194 -0.027427
v 0.213317 0.433756 0.178172
v 0.025072 -0.890365 -0.000674
v -0.142414 0.427655 0.377994
v 0.004263 -0.886509 -0.027866
v 0.006044 0.397380 0.448049
v 0.013651 -0.891190 -0.012346
v 0.045271 0.400462 0.445048
v 0.002800 -0.886501 -0.001389
v -0.044004 0.400633 0.458789
v 0.113673 0.408042 0.503427
v 0.014844 0.392215 0.480633
v -0.115561 0.424545 0.452255
v -0.123170 0.408555 0.507383
v -0.222075 0.459728 0.130835
v 0.029691 -0.890467 0.026694
v 0.197202 0.420588 0.231474
v 0.025083 -0.886663 0.037987
v 0.017613 -0.886497 0.009785
v 0.104951 0.421172 0.417617
v 0.056385 -0.890412 0.026985
v 0.105591 0.411543 0.396041
v -0.252446 0.444227 0.487280
v -0.581213 -0.835616 0.084149
v -0.303327 0.467710 0.455969
v -0.135181 -0.884323 0.097739
v -0.142600 -0.882531 0.074018
v -0.103422 -0.882578 0.087057
v -0.525701 0.502609 0.076274
v -0.148217 0.445591 0.412587
v -0.549251 -0.849723 0.204640
v -0.404449 -0.851851 0.424217
v -0.449413 -0.831681 0.380472
v 0.159978 0.438331 0.369711
v 0.089936 0.412771 0.463041
v -0.236791 -0.863014 0.534247
v -0.294647 -0.848899 0.511528
v -0.111370 -0.838230 0.577918
v -0.117930 -0.882060 -0.136214
v -0.052441 -0.882625 -0.100010
v 0.218525 0.472906 0.085703
v -0.479264 0.501583 0.259504
v 0.192684 0.427569 0.503379
v -0.137107 -0.886452 -0.059509
v 0.096834 0.432326 -0.536245
v -0.146260 0.466046 -0.516206
v -0.085551 0.456539 -0.533396
v 0.158513 0.487280 -0.510763
v 0.229366 0.469309 -0.482279
v -0.120207 -0.886463 -0.114466
v -0.166539 0.467782 0.004251
v -0.056336 -0.886462 -0.087432
v 0.147839 0.489348 -0.014921
v -0.013698 -0.886497 -0.103718
v -0.202995 0.458767 0.456955
v -0.024690 -0.882343 -0.097855
v -0.013351 0.503171 -0.060766
v 0.035704 0.475146 -0.049088
v -0.087649 0.446192 -0.022178
v 0.015321 -0.886597 -0.042303
v -0.006098 -0.886497 -0.070439
v -0.256041 0.499135 -0.463480
v 0.428713 0.498614 -0.314399
v 0.520524 0.528142 -0.097323
v 0.518461 0.538127 0.069305
v 0.481320 0.534323 0.244294
v -0.211371 0.436007 0.193448
v 0.205205 0.458860 0.309082
v -0.163170 -0.882467 -0.021515
v -0.152262 -0.882368 -0.059942
v 0.362157 0.430444 0.417437
v 0.170184 0.452071 0.437071
v -0.161461 -0.886506 0.004120
v 0.330724 0.487280 0.432485
v 0.272016 0.459883 0.471624
v -0.508932 0.471704 -0.160446
v 0.256360 0.471624 0.463796
v 0.209759 0.447162 0.479864
v -0.523801 0.508721 -0.106337
v -0.225049 0.502935 0.072407
v -0.221235 0.473008 0.096436
v -0.238482 0.495058 0.151311
v 0.230220 0.480983 0.195248
v 0.251428 0.528378 0.140997
v -0.211217 0.461985 0.288256
v -0.205016 0.462506 0.321316
v -0.219419 0.510115 0.345599
v -0.178082 0.467710 0.389432
v 0.185947 0.467984 0.379989
v -0.205896 0.486339 0.403123
v -0.151284 -0.886452 0.052260
v -0.182123 -0.881777 0.033113
v -0.448450 0.488681 0.312917
v -0.292194 0.515571 0.422882
v -0.287265 0.487152 0.452244
v -0.197276 0.464006 0.043398
v 0.235306 0.497374 0.113023
v -0.068816 -0.886488 0.056521
v 0.232534 0.499367 0.275317
v 0.221916 0.475480 0.252298
v -0.135957 0.512769 -0.033289
v -0.495210 0.562462 0.187211
v -0.519450 0.489574 0.142803
v -0.022867 0.511733 -0.529540
v 0.037230 0.523856 -0.527116
v 0.061578 0.518572 -0.057490
v -0.178966 -0.882965 0.098388
v 0.028791 0.542340 -0.072342
v -0.055060 0.502662 -0.054999
v 0.139165 -0.858637 -0.568502
v -0.338242 0.516160 0.413616
v -0.043801 -0.861574 -0.584794
v -0.278260 -0.844938 -0.515794
v -0.224672 -0.843773 -0.542704
v 0.452980 -0.792269 -0.372114
v 0.365437 0.476131 -0.388675
v 0.512578 -0.836204 -0.285059
v 0.557336 -0.806240 -0.183990
v 0.242641 0.509342 0.219710
v 0.581241 -0.846284 -0.096555
v 0.585286 -0.862770 -0.014529
v 0.307241 0.506849 0.432485
v 0.308814 0.542089 0.397927
v 0.247880 0.509548 0.407206
v 0.565556 -0.847406 0.157815
v 0.479452 -0.812133 0.334638
v -0.204657 0.500682 -0.488428
v -0.086228 0.534728 -0.513119
v -0.388093 -0.802806 -0.437863
v 0.347871 -0.855504 0.470646
v -0.303342 0.509247 -0.434367
v -0.510053 -0.801401 -0.293305
v 0.389432 0.538160 -0.338552
v 0.447049 0.527828 -0.277750
v -0.577472 -0.834889 -0.106942
v 0.489266 0.497752 -0.201342
v 0.503391 0.535332 -0.147707
v 0.159006 -0.825639 0.565580
v -0.048388 -0.846025 0.584490
v 0.500812 0.537282 0.183258
v 0.440313 0.542074 0.307241
v 0.353814 0.530803 0.389969
v -0.522557 -0.828238 0.271826
v 0.235204 0.531995 0.329610
v -0.299413 -0.800391 0.510763
v 0.215696 0.490500 0.323770
v -0.350294 -0.835616 0.467710
v -0.463205 0.552431 -0.229979
v -0.426334 0.526417 -0.312423
v 0.185943 -0.790048 -0.559536
v 0.247825 -0.845105 -0.531342
v 0.364957 -0.798095 -0.457471
v 0.413832 -0.753947 -0.420380
v -0.252328 0.508443 0.412472
v -0.299051 -0.780092 -0.504145
v -0.494749 0.548339 -0.160085
v 0.523328 -0.802079 -0.271080
v 0.202172 0.480345 0.406054
v 0.577176 -0.843609 0.098181
v 0.200090 0.493722 0.025551
v 0.514677 -0.737769 0.279843
v -0.433417 -0.738326 -0.396355
v -0.018056 0.563779 -0.080399
v -0.093613 0.545414 -0.054885
v 0.176009 0.536193 -0.017257
v 0.127857 0.563829 -0.052268
v 0.059400 0.560355 -0.068666
v -0.428571 0.577299 0.303327
v -0.538160 -0.733855 -0.232877
v 0.286654 -0.798050 0.515634
v 0.233200 -0.742128 0.535751
v 0.160295 0.556305 -0.494204
v -0.085413 0.572460 -0.508953
v -0.021948 0.564357 -0.519324
v 0.266164 0.538173 -0.449261
v 0.307467 0.578114 -0.413503
v 0.249128 0.541190 0.263419
v 0.268955 0.584287 0.195157
v -0.485880 -0.835841 0.326290
v -0.295499 -0.765166 0.506849
v -0.399812 -0.757903 0.429947
v -0.338552 0.569472 0.373777
v -0.187835 0.609373 -0.464988
v 0.201590 -0.733357 -0.549450
v 0.422189 0.559789 -0.307206
v 0.313296 -0.770377 -0.493509
v 0.362072 -0.708825 -0.463629
v 0.491995 -0.754437 -0.321338
v 0.482187 0.594994 -0.153009
v 0.585130 -0.846618 0.033608
v 0.503970 0.589956 -0.094260
v -0.223916 0.522500 0.059776
v -0.250878 0.554564 0.279807
v -0.275930 0.600783 0.279843
v -0.251661 0.544045 0.350143
v -0.332536 -0.726656 -0.484885
v -0.331172 0.608056 -0.381228
v -0.511355 -0.741185 -0.288938
v 0.256360 0.545988 0.350294
v -0.186770 0.543449 -0.009421
v -0.432485 0.636008 0.256360
v -0.472590 0.573562 0.238987
v 0.416003 0.616087 0.294583
v -0.483366 -0.726027 0.326810
v 0.354207 0.592955 0.346380
v -0.445112 -0.685358 0.381360
v -0.430590 0.624927 -0.258473
v -0.143165 0.574789 -0.047927
v 0.256027 0.560006 0.112967
v 0.250506 0.568611 0.073296
v 0.320152 -0.692152 -0.498289
v -0.222056 -0.774568 -0.541790
v -0.510684 0.580051 -0.024444
v -0.489857 0.627933 -0.101869
v 0.497565 -0.670590 -0.323044
v 0.520651 -0.723114 -0.271376
v 0.146419 0.619313 -0.060027
v 0.571034 -0.753062 -0.149472
v -0.290206 0.658973 0.171411
v -0.244099 0.517537 0.216638
v 0.581310 -0.734554 -0.095453
v 0.034658 0.585029 -0.081640
v 0.565371 -0.737806 0.163961
v 0.477323 -0.721577 0.341423
v -0.505532 0.572592 0.121928
v -0.505484 0.610773 0.019811
v 0.086479 0.638700 -0.489236
v 0.096221 0.562368 -0.511157
v -0.515385 -0.686523 -0.290698
v 0.146467 0.601770 -0.484215
v 0.253213 0.641050 -0.428517
v -0.074936 0.647664 -0.488846
v 0.360084 0.578271 -0.359656
v 0.284309 0.610456 0.286233
v 0.264985 0.580874 0.277825
v -0.577651 -0.537220 -0.100625
v 0.306370 0.580986 0.347476
v 0.478955 0.668048 -0.094124
v 0.501654 0.619539 -0.025522
v -0.522770 -0.678755 0.276048
v 0.492982 0.623905 0.104196
v -0.253902 0.566731 0.094237
v -0.310487 0.602080 0.327353
v -0.286970 0.622171 -0.414360
v -0.240138 0.614891 -0.441567
v 0.412157 0.615389 -0.289136
v 0.457350 0.567198 -0.239048
v -0.212907 0.574674 0.005303
v -0.228424 0.612923 0.013013
v -0.230676 0.546666 0.050093
v 0.482932 0.638884 0.140164
v 0.468496 0.630681 0.197089
v 0.266714 -0.730970 -0.523455
v 0.273852 0.606248 0.161603
v 0.288605 0.650396 0.184294
v -0.101234 -0.637159 -0.577377
v -0.199821 0.642446 -0.028028
v 0.410126 -0.677207 -0.418929
v -0.285744 0.637115 0.227815
v 0.526194 -0.660835 -0.266266
v -0.405801 0.611521 -0.305876
v 0.585025 -0.645739 -0.027213
v -0.066665 0.604292 -0.081656
v 0.265875 0.633300 0.065141
v 0.221264 0.565399 0.018025
v 0.537952 -0.685490 0.220860
v 0.518636 -0.677068 0.283663
v -0.477438 0.597628 -0.159396
v -0.475538 -0.694716 -0.346380
v 0.043459 0.660587 -0.102460
v 0.387311 -0.693192 0.442030
v 0.213248 0.626309 -0.015326
v 0.199471 0.654737 -0.036047
v 0.289066 -0.657005 0.514045
v 0.225049 -0.608611 0.538160
v -0.485059 0.667922 -0.047108
v 0.143567 0.643240 -0.475553
v -0.585130 -0.836956 -0.042476
v -0.548035 -0.683770 0.206455
v -0.569311 -0.624280 0.155213
v -0.009682 0.636842 -0.499666
v -0.487280 -0.682975 0.330724
v 0.333715 0.689147 -0.346451
v -0.322896 0.655577 0.264188
v -0.374086 0.627506 0.311499
v -0.350294 -0.726027 0.471624
v -0.182168 0.663696 -0.455746
v 0.415761 0.660955 -0.263259
v -0.318982 0.690802 0.217221
v 0.230781 -0.628053 -0.541063
v 0.441878 0.665511 -0.201123
v -0.165752 -0.804486 -0.565927
v 0.471141 0.656228 -0.137941
v 0.481930 0.672418 0.020501
v -0.240491 0.660816 0.005690
v 0.359816 -0.643240 -0.460476
v 0.416830 -0.616438 -0.416830
v 0.471205 0.689244 0.088325
v 0.545973 -0.650723 -0.210031
v 0.569758 -0.572013 -0.149798
v -0.270232 0.698040 -0.398505
v -0.338343 -0.660732 -0.483437
v -0.153176 0.624256 -0.053506
v 0.522505 -0.616438 0.287671
v 0.487696 -0.637910 0.333708
v -0.001587 0.651621 -0.101385
v -0.033268 0.663405 -0.103718
v 0.284446 0.661176 0.124236
v 0.275509 0.679859 0.071417
v 0.342466 -0.651663 0.479452
v 0.291585 -0.612524 0.518591
v -0.380926 0.694767 -0.292133
v 0.090664 -0.864661 0.577445
v 0.088602 0.661134 -0.091339
v -0.562045 -0.681192 -0.168166
v 0.143244 0.718056 -0.077110
v -0.585146 -0.818296 0.022529
v 0.232516 0.638267 0.006978
v 0.294733 0.657467 0.221166
v -0.299413 -0.726027 0.510763
v 0.444227 0.663405 0.209393
v 0.448141 0.702544 0.146771
v 0.428571 0.714286 0.174168
v 0.397260 0.722113 0.193738
v 0.412916 0.679061 0.236791
v -0.467710 0.690802 -0.103718
v -0.444222 0.674650 -0.190644
v 0.145940 -0.624025 -0.569514
v 0.072445 0.684363 -0.476764
v 0.145910 0.718718 -0.443828
v 0.281853 0.712381 -0.382878
v -0.485317 0.657669 0.081032
v -0.467710 0.702544 0.037182
v -0.456585 0.717380 -0.019399
v -0.037471 0.687740 -0.477561
v 0.323759 -0.589366 -0.499454
v -0.452055 0.679061 0.178082
v -0.472620 0.664812 0.139173
v 0.364392 0.699007 -0.306320
v 0.427101 0.708804 -0.196360
v 0.456217 -0.587688 -0.364968
v -0.272730 0.665708 0.064055
v -0.300694 0.710964 0.147246
v 0.545292 -0.531942 -0.207099
v -0.420744 0.694716 0.213307
v -0.401174 0.741683 0.174168
v -0.432485 0.733855 0.146771
v -0.438675 0.748503 0.108667
v -0.232787 0.667355 -0.426114
v -0.430891 -0.598824 -0.397656
v 0.476028 0.684075 -0.051845
v -0.118254 0.605722 -0.068865
v -0.133019 0.718018 -0.082198
v 0.438991 0.744119 0.090910
v 0.033327 0.700168 -0.110123
v -0.045011 -0.767779 0.585127
v 0.353868 0.732734 0.182777
v 0.372884 0.660374 0.269344
v -0.318751 0.674993 -0.369811
v -0.577299 -0.557730 0.091976
v -0.487280 -0.557730 0.330724
v 0.325229 0.684500 0.226604
v 0.296244 0.779532 0.074253
v 0.263164 0.686465 0.033372
v 0.245601 0.689417 0.004456
v -0.236791 -0.765166 0.534247
v -0.369863 0.698630 0.228963
v 0.087721 -0.532613 -0.581187
v -0.407273 0.706294 -0.240186
v 0.262758 -0.568078 -0.523806
v 0.424658 0.753425 0.119374
v 0.401174 0.757339 0.138943
v 0.402700 -0.564746 -0.426641
v -0.283051 -0.737526 -0.518865
v -0.438416 0.736347 -0.126435
v 0.325433 0.761898 -0.303595
v 0.538095 -0.560318 0.221225
v 0.311155 0.733855 0.150685
v 0.517365 -0.559462 0.288061
v -0.123288 0.698629 -0.459883
v -0.476914 -0.539442 -0.344344
v -0.186926 0.680035 -0.048202
v 0.393346 -0.444227 0.436399
v -0.231616 0.701286 -0.010405
v 0.401134 0.705086 -0.250618
v -0.561644 -0.522506 -0.170254
v 0.021527 -0.835616 0.585127
v -0.178082 -0.765167 0.561644
v -0.541852 -0.548841 0.213468
v -0.446128 0.739787 0.070684
v -0.484226 -0.499153 0.329515
v 0.416782 0.792734 -0.098830
v 0.452925 0.722003 -0.100843
v 0.148352 -0.507924 -0.570177
v -0.073891 0.689720 -0.099729
v 0.209393 -0.444227 -0.545988
v -0.004335 0.729466 -0.117224
v 0.408146 0.817259 0.008904
v 0.323412 -0.516479 -0.494564
v -0.287671 0.757339 -0.346380
v -0.164694 0.748794 -0.419376
v -0.338552 -0.444227 -0.483366
v 0.499187 -0.581432 -0.318383
v 0.228439 0.718836 -0.020691
v 0.573497 -0.524152 -0.151356
v 0.216430 0.776694 -0.041247
v 0.295499 0.706458 0.138943
v 0.308720 0.772505 0.113267
v -0.349530 0.678425 -0.333515
v 0.565454 -0.515898 0.163937
v 0.174519 0.755556 -0.414140
v 0.424658 0.780822 0.045010
v 0.416830 0.792564 0.072407
v 0.393346 0.796477 0.091977
v 0.042755 0.721622 -0.458049
v -0.422676 0.781028 -0.113729
v -0.378229 0.795716 -0.186116
v 0.444014 -0.668212 0.385756
v -0.290829 0.753051 0.075997
v -0.301468 0.747656 0.121191
v -0.479452 -0.483366 -0.346380
v -0.346657 0.757943 0.147938
v -0.185751 0.746814 -0.057532
v -0.429109 0.775702 -0.057246
v -0.319153 0.736094 0.157079
v -0.565558 -0.479453 -0.170254
v -0.523206 -0.484666 0.274617
v 0.372016 0.770567 -0.239260
v -0.444227 -0.557730 0.381606
v -0.107425 0.792279 -0.102894
v -0.140698 0.786165 -0.407923
v 0.401321 0.786027 -0.160557
v 0.322636 -0.438912 -0.496195
v 0.066988 0.752237 -0.111278
v 0.416133 0.800223 -0.056453
v 0.564211 -0.413660 0.172306
v 0.518793 -0.480035 0.281486
v 0.481422 -0.473533 0.335789
v 0.183599 0.743942 -0.057253
v 0.283401 0.799498 0.039042
v 0.257651 0.798916 -0.001803
v -0.416843 -0.491265 -0.410251
v -0.389073 -0.413001 -0.440823
v -0.234217 0.784552 -0.363802
v 0.342466 -0.440313 0.479452
v 0.369863 0.757339 0.150685
v 0.342466 0.784736 0.111546
v 0.068366 0.789717 -0.423828
v -0.514208 -0.495084 -0.292922
v -0.236790 -0.385520 0.534247
v 0.148989 0.789557 -0.402660
v 0.239916 0.791122 -0.355795
v -0.522198 -0.443090 0.269882
v -0.397403 -0.396764 0.432495
v 0.381605 0.827789 0.048924
v -0.405088 0.776908 0.119374
v -0.397260 0.812133 0.068493
v -0.318982 0.780822 0.115460
v -0.348855 0.796736 0.103842
v 0.265278 -0.432829 -0.524629
v -0.367082 0.791833 -0.224512
v -0.299139 0.800095 -0.295137
v -0.223425 0.787154 -0.037621
v 0.322896 -0.401174 -0.491194
v -0.257119 0.775315 -0.000776
v -0.273931 0.763848 0.029686
v 0.420356 -0.457105 -0.413487
v -0.053754 0.806177 -0.413502
v 0.527170 -0.419118 -0.260597
v 0.571778 -0.426628 -0.147248
v 0.577409 -0.403783 -0.084563
v -0.299413 0.784736 0.088063
v 0.577029 -0.276104 0.102166
v -0.392070 0.816192 -0.126099
v -0.373777 0.808219 0.091977
v -0.040068 0.731583 -0.113196
v -0.472899 -0.440369 -0.346208
v -0.079711 0.798120 -0.113820
v 0.291070 -0.402684 0.518777
v -0.538160 -0.479452 -0.228963
v 0.378409 0.836731 -0.101008
v 0.382527 0.842704 -0.041283
v -0.565678 -0.551223 0.153694
v 0.180284 0.811811 -0.070255
v -0.298742 -0.391377 0.511082
v -0.413530 0.808319 0.039487
v -0.344637 -0.359604 0.471932
v 0.024465 -0.525856 -0.585159
v 0.192111 0.804933 -0.366103
v 0.211855 -0.402100 -0.542057
v 0.340602 0.833211 0.052647
v 0.349737 0.805640 0.087955
v -0.001957 0.839530 -0.393346
v 0.064544 0.826224 -0.398013
v -0.288354 0.840584 -0.261971
v -0.224953 0.822976 -0.336270
v -0.282637 -0.404260 -0.518978
v 0.303818 0.823446 0.055111
v 0.273180 0.838208 -0.287035
v 0.499022 -0.415525 -0.316373
v -0.186615 0.822461 -0.067281
v -0.233075 0.820194 -0.029286
v 0.569592 -0.322947 -0.145975
v 0.535255 -0.341700 0.230900
v 0.362124 0.850932 0.002431
v -0.362035 0.831703 0.048924
v -0.389383 0.835223 0.009792
v -0.342466 0.847358 -0.174168
v -0.290249 0.874626 -0.209900
v 0.288114 -0.331901 0.511236
v 0.325930 0.825907 -0.233009
v 0.335602 0.854713 -0.171538
v -0.513996 -0.367879 -0.294345
v -0.478996 -0.375528 -0.348955
v -0.328393 0.824025 0.065814
v -0.081084 0.843707 -0.380575
v 0.032999 0.821226 -0.128352
v 0.130728 0.820469 -0.097054
v 0.228530 0.859386 -0.038126
v 0.152441 -0.378045 -0.569633
v -0.291780 0.807733 0.057462
v -0.311530 0.831740 0.052146
v 0.270445 -0.344178 -0.523110
v 0.376472 -0.328493 -0.449634
v 0.348784 0.861612 -0.114187
v -0.393140 0.832197 -0.039048
v 0.423503 -0.315340 -0.412225
v 0.095411 0.852073 -0.368493
v 0.462198 -0.279073 -0.359338
v 0.197607 0.850269 -0.325672
v -0.475538 -0.311155 -0.342466
v -0.354207 0.855186 -0.009785
v -0.359980 0.860162 -0.039516
v 0.499022 -0.315068 -0.315068
v -0.207805 0.867539 -0.302748
v 0.545522 -0.341013 -0.202000
v 0.019725 0.871234 -0.365508
v -0.121956 0.847248 -0.103301
v -0.178606 0.846345 -0.071784
v 0.346380 0.866928 -0.076321
v 0.513603 -0.330740 0.285203
v 0.339652 -0.393387 0.477625
v 0.336502 0.871868 -0.040794
v 0.244618 0.866928 -0.275930
v 0.284601 0.851782 -0.258988
v 0.265140 0.874329 -0.016493
v -0.046288 0.857504 -0.127826
v -0.577299 -0.303327 -0.103718
v 0.172961 0.885322 -0.080429
v -0.317388 0.857257 0.015514
v -0.251645 0.864320 -0.020266
v -0.271772 0.849267 0.006815
v 0.294803 0.879351 -0.185524
v 0.313752 0.884806 -0.124945
v -0.359485 0.856033 -0.109636
v 0.067178 0.865377 -0.123728
v -0.043179 0.882808 -0.342410
v -0.315173 0.882941 -0.133723
v 0.420744 -0.272016 -0.409002
v 0.528769 -0.272617 -0.261750
v -0.227863 0.883046 -0.045116
v 0.128491 0.874319 -0.334470
v 0.300992 0.876926 -0.016630
v 0.324822 0.857642 0.015873
v 0.214355 0.908826 -0.223799
v 0.298983 0.893105 -0.070108
v -0.436399 -0.358121 -0.393346
v 0.251864 0.837609 -0.010154
v -0.565214 -0.294908 -0.170762
v -0.279843 0.870842 -0.005871
v -0.179082 0.918474 -0.239217
v -0.150323 0.904586 -0.281014
v -0.083600 0.848557 -0.117657
v 0.257463 0.901436 -0.189407
v 0.268723 0.906970 -0.133106
v 0.101859 0.894817 -0.112562
v -0.275154 0.903687 -0.150785
v 0.028198 0.891393 -0.134003
v -0.012353 0.861320 -0.132636
v 0.144295 0.853935 -0.350950
v 0.168060 0.886647 -0.296268
v -0.169141 0.902202 -0.083948
v -0.319596 0.882592 -0.066437
v -0.288111 0.898448 -0.104557
v -0.242311 0.888414 -0.039152
v -0.296208 0.880192 -0.019352
v 0.244618 0.890411 -0.045010
v 0.210356 0.882772 -0.056617
v 0.257210 0.910754 -0.091090
v 0.200163 0.896124 -0.068923
v 0.049922 0.909995 -0.307780
v -0.118136 0.864605 -0.350186
v 0.184475 0.932377 -0.195404
v 0.196273 0.930863 -0.168158
v 0.079685 0.903681 -0.124605
v 0.281264 0.889491 -0.043521
v -0.236905 0.909009 -0.200853
v 0.038023 0.932488 -0.134428
v -0.198220 0.918905 -0.085795
v -0.257057 0.894549 -0.049055
v -0.006602 0.919070 -0.297983
v -0.260454 0.909180 -0.095179
v 0.171688 0.907672 -0.264067
v 0.222639 0.908220 -0.073815
v 0.150264 0.914039 -0.099467
v -0.092579 0.919620 -0.120139
v -0.134387 0.918645 -0.103816
v -0.256974 0.903972 -0.063717
v -0.226788 0.916051 -0.100310
v 0.070699 0.940409 -0.251883
v 0.197559 0.928442 -0.124542
v -0.207630 0.927409 -0.164167
v 0.159998 0.931842 -0.115401
v -0.146771 0.933464 -0.123288
v -0.063055 0.931123 -0.274456
v -0.107632 0.945205 -0.209393
v -0.046903 0.945103 -0.244824
v 0.143221 0.940501 -0.202256
v 0.143421 0.931978 -0.231833
v 0.007385 0.941781 -0.141846
v -0.020216 0.925210 -0.134474
v -0.057711 0.935721 -0.133518
v -0.201326 0.929008 -0.141560
v -0.146223 0.938556 -0.219013
v -0.096778 0.941677 -0.135942
v 0.012830 0.939165 -0.264872
v 0.075650 0.934694 -0.128608
v 0.086446 0.945427 -0.225331
v 0.169657 0.935438 -0.149721
v 0.120867 0.941574 -0.146571
v -0.039467 0.949591 -0.208417
v -0.141352 0.937920 -0.148530
v 0.014933 0.954051 -0.209850
v -0.104009 0.945896 -0.165185
v 0.130051 0.944824 -0.162564
v 0.005266 0.949516 -0.161775
vn 0.0337 -0.8887 -0.4573
vn 0.1645 -0.8951 -0.4144
vn 0.0210 -0.9879 -0.1535
vn -0.0351 -0.9926 -0.1166
vn -0.1297 -0.8696 -0.4765
vn -0.0807 -0.9917 -0.1005
vn -0.2136 -0.9073 -0.3621
vn 0.2551 -0.8937 -0.3690
vn 0.0636 -0.9926 -0.1037
vn 0.0057 -0.9974 0.0717
vn 0.3237 -0.9035 -0.2810
vn 0.0930 -0.9932 -0.0703
vn 0.0324 -0.9981 0.0528
vn -0.3622 -0.8885 -0.2819
vn -0.1241 -0.9906 -0.0583
vn -0.0228 -0.9978 0.0623
vn -0.3878 -0.9096 -0.1490
vn -0.0742 -0.9922 0.1001
vn 0.0200 -0.9939 0.1082
vn 0.1111 -0.9929 -0.0417
vn 0.3837 -0.8981 -0.2151
vn 0.0587 -0.9981 0.0181
vn -0.0426 -0.9986 0.0313
vn -0.0524 -0.9797 0.1933
vn 0.0328 -0.9880 0.1507
vn 0.1661 -0.9765 0.1373
vn -0.4532 -0.8868 -0.0902
vn -0.1630 -0.9708 0.1762
vn -0.0703 -0.9975 0.0049
vn -0.1207 -0.9918 0.0427
vn -0.1060 -0.9944 0.0034
vn -0.4824 -0.8758 -0.0185
vn 0.0860 -0.9933 0.0777
vn 0.0955 -0.9946 0.0404
vn -0.2242 -0.9662 0.1272
vn 0.1241 -0.9923 0.0034
vn 0.4330 -0.8974 -0.0844
vn 0.1614 -0.9869 0.0053
vn 0.0700 -0.9973 -0.0204
vn 0.1104 -0.9938 -0.0095
vn -0.2535 -0.9673 0.0131
vn -0.1829 -0.9822 -0.0424
vn -0.0991 -0.9944 0.0372
vn -0.4781 -0.8736 0.0910
vn 0.0926 -0.9943 0.0525
vn 0.2827 -0.9541 -0.0991
vn 0.4391 -0.8970 0.0501
vn 0.3539 -0.9286 0.1116
vn -0.0533 -0.9979 -0.0380
vn 0.0749 -0.9934 0.0866
vn -0.2471 -0.9661 -0.0750
vn 0.3908 -0.8984 0.2002
vn 0.6476 -0.7149 -0.2638
vn 0.1010 -0.9943 -0.0343
vn -0.1815 -0.9751 -0.1278
vn -0.4308 -0.8816 0.1927
vn -0.0821 -0.9940 0.0729
vn 0.0452 -0.9981 -0.0425
vn 0.1622 -0.9682 -0.1906
vn 0.1207 -0.9922 -0.0324
vn -0.0356 -0.9967 -0.0724
vn -0.0537 -0.9932 -0.1031
vn 0.3272 -0.8935 0.3077
vn -0.1465 -0.9693 -0.1973
vn 0.0462 -0.9969 -0.0639
vn -0.0487 -0.9946 -0.0918
vn 0.0437 -0.9932 0.1076
vn -0.0025 -0.9994 -0.0336
vn 0.0226 -0.9962 -0.0839
vn 0.0161 -0.9557 -0.2940
vn -0.0466 -0.9945 0.0935
vn -0.3975 -0.8644 0.3079
vn -0.0051 -0.9923 0.1235
vn 0.2677 -0.8726 0.4084
vn -0.2899 -0.8728 0.3927
vn 0.2097 -0.8544 0.4755
vn -0.0964 -0.8731 0.4779
vn -0.2194 -0.8324 0.5090
vn -0.0101 -0.8079 0.5893
vn 0.0978 -0.8766 0.4711
vn -0.1004 -0.7126 -0.6943
vn 0.0342 -0.6856 -0.7272
vn 0.2280 -0.6522 -0.7230
vn 0.3366 -0.6595 -0.6721
vn -0.2728 -0.6746 -0.6859
vn 0.4537 -0.6841 -0.5711
vn 0.4932 -0.7310 -0.4715
vn -0.4590 -0.7436 -0.4863
vn -0.4054 -0.6921 -0.5971
vn 0.6283 -0.6322 -0.4534
vn 0.6988 -0.6278 -0.3429
vn -0.6375 -0.7021 -0.3174
vn -0.6639 -0.5450 -0.5120
vn -0.0726 -0.7784 0.6235
vn 0.0115 -0.8603 0.5096
vn 0.0994 -0.8777 0.4687
vn 0.3269 -0.7378 0.5906
vn -0.0132 -0.6045 0.7965
vn 0.0797 -0.6489 0.7567
vn 0.2728 -0.4981 0.8231
vn -0.3916 -0.7117 0.5832
vn -0.2757 -0.7582 0.5909
vn 0.3249 -0.9077 0.2654
vn 0.6515 -0.7296 -0.2079
vn 0.6569 -0.7526 -0.0447
vn -0.4886 -0.7396 0.4628
vn -0.5233 -0.7387 0.4248
vn 0.5181 -0.6803 0.5184
vn 0.8255 -0.4273 0.3687
vn -0.8118 -0.5279 -0.2497
vn 0.5475 -0.8314 0.0954
vn -0.5369 -0.8044 0.2545
vn -0.7505 -0.6238 0.2181
vn -0.6390 -0.5956 0.4868
vn 0.5373 -0.8434 0.0018
vn 0.9053 -0.4165 0.0833
vn -0.7259 -0.6867 -0.0374
vn 0.8002 -0.5963 0.0647
vn -0.8313 -0.5536 0.0496
vn 0.8249 -0.5459 -0.1466
vn 0.4770 -0.8712 -0.1158
vn -0.6565 -0.7208 -0.2224
vn -0.3840 -0.8591 -0.3383
vn -0.5885 -0.6519 -0.4783
vn 0.6972 -0.6750 -0.2415
vn 0.9529 -0.0570 -0.2979
vn 0.9259 0.0071 -0.3777
vn 0.6702 -0.3824 -0.6361
vn 0.6319 -0.7444 0.2156
vn -0.4357 -0.7890 -0.4332
vn 0.1661 -0.7408 -0.6509
vn -0.3757 -0.7135 -0.5913
vn -0.3795 -0.8498 -0.3659
vn -0.7368 -0.5523 0.3900
vn -0.7621 -0.6118 0.2119
vn 0.3196 -0.3187 -0.8923
vn 0.1061 -0.8538 -0.5097
vn -0.0924 -0.7628 -0.6400
vn 0.1323 -0.6276 -0.7672
vn 0.0493 -0.7148 -0.6976
vn 0.0586 -0.3401 -0.9386
vn -0.1577 -0.4169 -0.8952
vn 0.5281 -0.7451 0.4074
vn 0.3980 -0.7544 0.5220
vn -0.5475 -0.6449 0.5332
vn -0.6793 -0.5809 0.4484
vn -0.3749 -0.6222 0.6872
vn -0.5141 -0.5306 0.6740
vn 0.2478 -0.5263 0.8134
vn 0.0878 -0.6316 0.7703
vn 0.0401 -0.5473 0.8360
vn -0.1937 -0.6011 0.7754
vn -0.1738 -0.4597 -0.8709
vn -0.0141 -0.4302 -0.9026
vn 0.1367 -0.4886 -0.8617
vn -0.4383 -0.3767 -0.8161
vn 0.4987 -0.4556 -0.7374
vn -0.5778 -0.4546 -0.6779
vn -0.5271 -0.4423 -0.7256
vn 0.6016 -0.4881 -0.6323
vn -0.8073 -0.5071 -0.3019
vn -0.8616 -0.3451 -0.3722
vn 0.8513 -0.4350 -0.2934
vn -0.1872 -0.7315 0.6556
vn -0.0516 -0.6722 0.7386
vn 0.4114 -0.3338 0.8481
vn 0.5898 -0.2642 0.7631
vn 0.8838 -0.0732 0.4621
vn 0.9298 -0.2555 0.2650
vn -0.8341 -0.5371 -0.1258
vn 0.8028 -0.5831 -0.1244
vn 0.9596 -0.2812 0.0014
vn 0.9776 -0.1538 -0.1438
vn 0.7812 -0.5948 0.1898
vn 0.7264 -0.5563 0.4036
vn 0.6675 -0.5124 0.5402
vn -0.6513 -0.3447 0.6761
vn 0.4545 -0.5965 0.6616
vn 0.6058 -0.4018 0.6867
vn 0.3952 -0.5632 0.7257
vn 0.3322 -0.5505 0.7659
vn -0.2860 -0.4237 0.8594
vn -0.3627 -0.4340 0.8247
vn -0.4427 -0.4062 0.7994
vn -0.0806 -0.4115 0.9079
vn -0.1484 -0.3940 0.9070
vn -0.4513 -0.6097 0.6516
vn -0.4910 -0.7844 0.3790
vn -0.4892 -0.7733 0.4034
vn -0.8075 -0.5585 0.1898
vn -0.5647 -0.7542 0.3351
vn -0.6651 -0.6412 -0.3826
vn -0.5974 -0.7151 -0.3630
vn -0.3755 -0.3244 -0.8682
vn -0.7247 -0.6282 -0.2833
vn 0.3992 -0.2483 0.8826
vn 0.7593 0.2488 0.6013
vn 0.8474 -0.4689 0.2491
vn 0.9612 -0.2647 0.0775
vn 0.9946 -0.0996 -0.0281
vn 0.9705 -0.0992 -0.2199
vn 0.1953 -0.4363 -0.8783
vn 0.0028 -0.4185 -0.9082
vn 0.1897 -0.3621 -0.9126
vn 0.3263 -0.3338 -0.8844
vn 0.3913 -0.3405 -0.8550
vn -0.3524 -0.3333 -0.8745
vn 0.7199 -0.3319 -0.6095
vn -0.7625 -0.3093 -0.5682
vn 0.8057 -0.2813 -0.5213
vn 0.8445 -0.2865 -0.4526
vn -0.9049 -0.3244 -0.2757
vn 0.1087 -0.5936 0.7974
vn 0.0811 -0.6272 0.7746
vn 0.1484 -0.5031 0.8514
vn -0.3365 -0.7819 0.5248
vn 0.9319 -0.3322 -0.1458
vn 0.9218 -0.3875 0.0074
vn 0.9525 -0.2728 0.1355
vn 0.9298 -0.2606 0.2599
vn -0.4690 -0.7645 -0.4423
vn 0.8967 -0.2409 0.3713
vn 0.7283 -0.2686 0.6304
vn 0.5249 -0.3722 0.7655
vn -0.9781 -0.2062 0.0290
vn -0.9457 -0.3202 -0.0559
vn -0.9554 -0.2334 -0.1809
vn -0.8003 -0.5991 -0.0242
vn -0.5769 -0.8168 0.0044
vn -0.5632 -0.8215 0.0893
vn -0.5228 -0.8417 -0.1347
vn 0.9393 0.0411 -0.3407
vn 0.6839 -0.2269 -0.6934
vn -0.9051 -0.3154 0.2852
vn -0.9499 -0.2803 0.1384
vn -0.2379 -0.4558 -0.8577
vn -0.4843 -0.5495 -0.6808
vn -0.0719 -0.4395 -0.8954
vn -0.7265 -0.3186 0.6088
vn -0.8051 -0.1764 0.5663
vn -0.8550 -0.2462 0.4565
vn -0.5933 -0.2223 0.7737
vn 0.4738 -0.2446 0.8460
vn 0.3462 -0.3520 0.8696
vn 0.2661 -0.2299 0.9361
vn 0.1370 -0.4017 0.9055
vn 0.7555 -0.0793 0.6503
vn -0.2581 -0.8759 -0.4076
vn -0.1945 -0.9698 -0.1473
vn 0.0670 -0.8398 0.5387
vn 0.1953 -0.7014 0.6855
vn -0.1905 -0.9460 0.2623
vn -0.2548 -0.9668 0.0179
vn 0.8766 -0.3099 -0.3682
vn 0.4354 -0.8605 -0.2645
vn -0.0840 -0.1496 -0.9852
vn 0.0479 -0.1735 -0.9837
vn 0.1409 -0.1495 -0.9787
vn 0.2178 -0.1291 -0.9674
vn -0.2706 -0.3175 -0.9088
vn -0.1740 -0.1561 -0.9723
vn 0.5268 -0.1399 -0.8384
vn 0.6061 -0.1742 -0.7761
vn 0.6698 -0.1691 -0.7231
vn -0.6474 -0.1104 -0.7541
vn -0.5729 -0.1500 -0.8058
vn -0.8412 -0.2006 -0.5021
vn -0.7978 -0.1029 -0.5941
vn -0.7283 -0.1461 -0.6694
vn 0.9128 -0.1460 -0.3814
vn 0.9515 -0.1422 -0.2729
vn -0.0660 -0.9260 0.3717
vn 0.0736 -0.8877 0.4544
vn -0.1725 -0.9280 0.3302
vn -0.2522 -0.9605 0.1177
vn 0.9873 -0.1581 -0.0149
vn -0.3125 -0.8761 -0.3673
vn -0.1362 -0.9197 -0.3683
vn -0.3361 -0.9406 -0.0470
vn -0.2533 -0.9653 0.0631
vn -0.1965 -0.9788 -0.0583
vn 0.8575 -0.1671 0.4865
vn -0.0660 -0.8728 -0.4836
vn -0.1680 -0.8756 -0.4530
vn 0.8262 -0.1202 0.5505
vn 0.6523 -0.1307 0.7466
vn -0.9403 -0.1568 -0.3022
vn -0.9182 -0.0959 -0.3843
vn 0.4427 -0.8028 0.3993
vn -0.1567 -0.9843 0.0813
vn -0.2032 -0.9769 -0.0665
vn -0.9251 -0.0888 0.3691
vn -0.9695 -0.0565 0.2387
vn 0.5827 -0.1113 0.8050
vn 0.3734 -0.0881 0.9235
vn 0.1472 -0.1621 0.9757
vn 0.0201 -0.3201 0.9472
vn 0.1687 -0.8458 0.5061
vn 0.6722 -0.7183 0.1796
vn 0.7360 -0.6737 -0.0669
vn 0.3783 -0.9024 -0.2062
vn 0.0046 -0.9984 0.0571
vn 0.0384 -0.9474 -0.3177
vn -0.1046 -0.9668 -0.2330
vn -0.0861 -0.9955 0.0395
vn -0.0514 -0.9669 0.2498
vn -0.0445 -0.9604 0.2750
vn 0.0029 -0.8942 -0.4477
vn -0.6771 -0.1012 0.7289
vn -0.3860 -0.1681 0.9070
vn -0.4893 -0.1396 0.8609
vn -0.0694 -0.1291 0.9892
vn -0.1722 -0.0986 0.9801
vn -0.3138 -0.1391 0.9393
vn 0.0248 -0.9753 0.2193
vn -0.0564 -0.9943 -0.0901
vn -0.0985 -0.9944 0.0389
vn -0.0295 -0.9994 -0.0203
vn -0.0280 -0.9959 -0.0861
vn -0.0698 -0.9539 -0.2917
vn 0.0315 -0.9820 -0.1865
vn -0.1290 -0.9915 0.0186
vn -0.0715 -0.9657 0.2496
vn -0.0937 -0.9919 -0.0852
vn -0.1178 -0.9674 -0.2242
vn -0.1225 -0.9905 -0.0622
vn -0.0309 -0.9949 0.0963
vn -0.0967 -0.9950 -0.0249
vn -0.0472 -0.9987 0.0190
vn -0.0201 -0.9963 -0.0832
vn -0.0693 -0.9934 0.0914
vn -0.0683 -0.9964 0.0501
vn -0.0256 -0.9949 0.0971
vn -0.0305 -0.9681 -0.2487
vn -0.0630 -0.9883 0.1390
vn 0.3448 -0.1096 -0.9322
vn -0.4774 -0.0767 -0.8753
vn -0.3868 -0.0896 -0.9178
vn 0.4367 -0.0740 -0.8966
vn 0.7875 -0.0562 -0.6137
vn 0.8666 -0.0753 -0.4932
vn 0.1058 -0.9932 0.0495
vn 0.9851 -0.0751 -0.1549
vn 0.1580 -0.9736 0.1650
vn 0.1377 -0.9902 0.0243
vn 0.0077 -0.9592 -0.2826
vn 0.9873 -0.0374 0.1542
vn 0.9629 -0.0683 0.2610
vn 0.0018 -0.9977 0.0680
vn 0.0451 -0.9680 -0.2469
vn -0.0379 -0.9852 -0.1673
vn -0.0822 -0.9944 -0.0660
vn -0.1039 -0.9938 0.0408
vn 0.7565 -0.0490 0.6522
vn -0.0335 -0.9993 -0.0150
vn 0.0279 -0.9962 0.0825
vn -0.0453 -0.9888 -0.1421
vn -0.0534 -0.9983 -0.0223
vn -0.0773 -0.9378 -0.3385
vn -0.0535 -0.9985 0.0098
vn -0.0627 -0.9688 -0.2400
vn -0.0178 -0.9943 -0.1048
vn 0.1287 -0.9878 0.0872
vn -0.0346 -0.9979 0.0539
vn -0.0673 -0.9900 -0.1244
vn -0.0315 -0.9815 -0.1890
vn -0.0132 -0.9977 -0.0670
vn -0.9960 -0.0609 -0.0658
vn -0.9830 -0.0578 -0.1741
vn -0.1593 -0.9862 0.0452
vn -0.0896 -0.9790 -0.1833
vn -0.1337 -0.9755 -0.1749
vn -0.1137 -0.9867 -0.1165
vn -0.0909 -0.9931 0.0745
vn -0.1819 -0.9828 0.0315
vn -0.1229 -0.9911 -0.0507
vn -0.0922 -0.9944 0.0519
vn -0.1908 -0.9779 0.0851
vn -0.0359 -0.9984 0.0444
vn -0.1955 -0.9724 0.1276
vn -0.0659 -0.9933 0.0950
vn -0.9904 0.0661 0.1214
vn -0.9983 -0.0167 0.0557
vn -0.0492 -0.9968 0.0633
vn -0.1566 -0.9760 0.1511
vn 0.0242 -0.9967 0.0771
vn -0.8283 -0.0285 0.5595
vn -0.8796 -0.0625 0.4715
vn -0.6256 -0.0339 0.7794
vn -0.7737 -0.0708 0.6295
vn 0.2652 -0.0337 0.9636
vn 0.0460 -0.0590 0.9972
vn -0.1076 -0.9919 -0.0672
vn 0.0506 -0.9887 -0.1409
vn 0.0218 -0.9997 -0.0112
vn 0.0128 -0.9928 -0.1189
vn -0.2425 -0.9593 -0.1448
vn -0.0952 -0.9954 0.0104
vn -0.0155 -0.9997 -0.0166
vn 0.0490 -0.9903 -0.1300
vn -0.1767 -0.9825 -0.0597
vn -0.1951 -0.9795 -0.0509
vn -0.2814 -0.0353 -0.9589
vn 0.5401 -0.0386 -0.8407
vn 0.5996 -0.0198 -0.8001
vn 0.7823 0.0065 -0.6229
vn 0.8963 -0.0431 -0.4413
vn 0.9451 -0.0062 -0.3268
vn 0.9802 -0.1759 0.0914
vn 0.8346 0.0072 0.5508
vn -0.6457 0.0073 -0.7635
vn -0.8601 -0.0117 -0.5100
vn 0.4847 -0.0253 0.8743
vn -0.5056 0.0405 0.8618
vn -0.6719 -0.0043 0.7406
vn -0.3986 -0.0002 0.9171
vn 0.3096 -0.0009 -0.9509
vn -0.3995 -0.0026 -0.9167
vn 0.7035 -0.0072 -0.7107
vn -0.5251 -0.0460 -0.8498
vn 0.8270 -0.0364 -0.5610
vn 0.9697 -0.0558 -0.2377
vn 0.9861 0.0460 -0.1594
vn 0.9555 0.0035 0.2950
vn 0.8903 -0.0284 0.4545
vn -0.7368 -0.0061 -0.6760
vn 0.6546 -0.0087 0.7559
vn -0.9253 -0.0041 -0.3792
vn 0.3619 0.0098 0.9322
vn -0.9639 0.0173 0.2658
vn -0.5100 0.0117 0.8601
vn -0.0789 0.0068 0.9969
vn -0.3083 0.0065 0.9513
vn -0.1504 0.0014 -0.9886
vn 0.0451 0.0081 -0.9990
vn 0.2617 0.0005 -0.9651
vn 0.3814 0.0292 -0.9239
vn -0.4637 -0.0529 -0.8844
vn 0.4380 -0.0251 -0.8986
vn 0.6326 0.0019 -0.7745
vn 0.9064 -0.0163 -0.4221
vn -0.5906 -0.0473 -0.8056
vn 0.8190 -0.0306 0.5730
vn -0.8620 -0.0312 -0.5060
vn 0.4538 -0.0530 0.8895
vn -0.9557 0.0040 -0.2943
vn -0.4980 -0.0555 0.8654
vn -0.8134 -0.0359 0.5806
vn -0.8920 -0.0119 0.4519
vn -0.9297 0.0076 0.3682
vn -0.7575 -0.0048 0.6528
vn 0.5511 -0.0354 -0.8337
vn 0.6927 0.0084 -0.7212
vn 0.8303 -0.0157 -0.5570
vn 0.9983 0.0059 -0.0584
vn 0.9289 -0.0078 0.3702
vn 0.8983 -0.0789 0.4323
vn -0.7937 -0.0394 -0.6070
vn -0.8770 -0.0281 -0.4797
vn 0.7461 -0.0016 0.6658
vn -0.9853 -0.0067 -0.1704
vn -0.8051 -0.0635 0.5897
vn -0.6153 -0.0502 0.7867
vn -0.0608 0.0005 -0.9981
vn 0.1112 0.0919 -0.9895
vn 0.3584 0.0293 -0.9331
vn 0.6675 -0.0081 -0.7446
vn -0.6103 -0.0054 -0.7921
vn 0.9224 -0.0217 -0.3857
vn 0.9329 0.0011 -0.3602
vn 0.9679 -0.0126 -0.2510
vn -0.7196 0.0057 -0.6943
vn 0.7756 0.0274 0.6307
vn 0.5933 -0.0694 0.8020
vn 0.3431 -0.0091 0.9392
vn 0.5508 0.0112 -0.8346
vn 0.7001 0.0148 -0.7138
vn 0.7534 -0.0019 -0.6576
vn 0.8276 0.0026 -0.5613
vn 0.9579 -0.0142 0.2867
vn 0.9337 -0.0078 0.3579
vn 0.8971 0.0045 0.4419
vn -0.7800 -0.0153 -0.6256
vn 0.6725 0.0068 0.7401
vn 0.4418 -0.0485 0.8958
vn -0.7999 0.0210 0.5997
vn -0.9395 0.0050 0.3424
vn -0.6780 0.0045 0.7350
vn -0.7537 0.0074 0.6572
vn -0.2766 0.0281 -0.9606
vn 0.3838 0.0309 -0.9229
vn 0.6945 -0.0000 -0.7195
vn 0.9290 0.0016 -0.3701
vn 0.9966 0.0263 0.0780
vn 0.9878 0.0276 0.1534
vn 0.8856 0.0379 0.4628
vn 0.6329 0.0293 0.7737
vn -0.9614 0.0227 0.2741
vn -0.9899 0.0070 0.1415
vn 0.2580 0.0028 -0.9661
vn 0.5483 0.0105 -0.8362
vn 0.9768 -0.0410 -0.2103
vn -0.8835 0.0027 -0.4684
vn -0.7121 0.0025 -0.7021
vn 0.8100 0.0081 0.5864
vn 0.4716 0.0505 0.8804
vn 0.3657 0.0178 0.9305
vn -0.9489 -0.0388 -0.3133
vn -0.9256 -0.0051 -0.3785
vn 0.1332 0.0083 0.9911
vn -0.9020 0.0507 0.4288
vn -0.8016 0.0290 0.5971
vn -0.3969 0.0100 0.9178
vn -0.4942 0.0399 0.8684
vn -0.1355 0.0262 -0.9904
vn 0.2693 -0.0008 -0.9631
vn 0.3741 0.0160 -0.9272
vn -0.4679 0.0102 -0.8837
vn -0.6032 0.0346 -0.7968
vn 0.7128 -0.0063 -0.7013
vn 0.9250 0.0026 -0.3800
vn 0.9935 0.0058 -0.1134
vn 0.9984 0.0327 -0.0453
vn 0.8854 0.0069 0.4647
vn -0.7834 0.0396 -0.6202
vn -0.0850 0.0244 0.9961
vn -0.1624 0.0165 0.9866
vn -0.9506 -0.0331 -0.3086
vn -0.8956 0.0139 0.4447
vn 0.4031 0.0085 -0.9151
vn 0.5373 0.0322 -0.8428
vn 0.8387 0.0077 -0.5445
vn 0.9649 0.0198 -0.2619
vn 0.9567 0.0038 0.2909
vn -0.7723 0.0079 -0.6353
vn 0.7535 0.0367 0.6565
vn 0.2858 0.0434 0.9573
vn 0.0483 0.0291 0.9984
vn -0.9908 0.0137 0.1346
vn -0.7732 0.0499 0.6322
vn 0.3768 0.0253 -0.9259
vn -0.3812 0.0345 -0.9238
vn 0.5149 0.0736 -0.8541
vn 0.6149 0.0002 -0.7886
vn -0.6725 -0.0110 -0.7401
vn 0.9369 -0.0159 -0.3492
vn 0.8816 -0.0131 0.4718
vn -0.9003 0.0395 -0.4335
vn -0.7845 -0.0105 -0.6200
vn 0.6176 0.0429 0.7853
vn -0.9871 0.0392 -0.1553
vn -0.9565 0.0153 -0.2912
vn -0.9963 0.0320 -0.0793
vn -0.2910 0.0258 0.9564
vn -0.6037 0.0305 0.7966
vn 0.4361 -0.0045 -0.8999
vn -0.7335 -0.0085 -0.6796
vn 0.7126 0.0384 -0.7005
vn 0.7936 0.0245 -0.6080
vn 0.9685 -0.0024 -0.2491
vn 0.9558 0.0111 0.2938
vn 0.9235 0.0285 0.3826
vn 0.8071 0.0073 0.5903
vn 0.4773 0.0389 0.8779
vn -0.8863 0.0185 -0.4628
vn -0.4891 0.0205 0.8720
vn -0.9570 -0.0233 0.2890
vn -0.9980 0.0435 0.0459
vn 0.0728 0.0276 -0.9970
vn -0.8117 0.0429 -0.5825
vn 0.8279 0.0434 -0.5592
vn 0.9049 0.0183 -0.4252
vn 0.6565 0.0185 0.7541
vn -0.8757 0.0387 0.4814
vn -0.5058 0.0086 0.8626
vn 0.3592 0.0131 -0.9332
vn 0.4514 0.0176 -0.8921
vn 0.6355 -0.0022 -0.7721
vn 0.7277 0.0285 -0.6853
vn -0.4805 0.0225 -0.8767
vn 0.9371 0.0023 -0.3492
vn 0.9261 0.0124 0.3771
vn 0.8867 -0.0153 0.4621
vn 0.4749 0.0018 0.8800
vn -0.8114 0.0268 -0.5838
vn -0.8165 0.0188 0.5770
vn 0.2751 0.0159 -0.9613
vn -0.7658 0.0365 -0.6421
vn -0.6549 0.0342 -0.7549
vn 0.7341 0.0216 -0.6787
vn 0.8328 0.0125 -0.5534
vn 0.9161 0.0470 -0.3982
vn 0.5796 0.0124 0.8148
vn -0.9205 0.0108 -0.3906
vn -0.8773 0.0156 -0.4797
vn -0.9950 0.0389 -0.0918
vn -0.9651 0.0077 -0.2619
vn -0.9108 -0.0319 0.4116
vn -0.9825 0.0171 0.1855
vn -0.6688 0.0550 0.7414
vn -0.0296 0.0297 -0.9991
vn 0.5800 0.0375 -0.8138
vn 0.6251 0.0393 -0.7796
vn 0.7883 0.0184 -0.6150
vn 0.9060 0.0164 -0.4229
vn 0.9709 0.0216 -0.2385
vn 0.9962 0.0443 0.0755
vn 0.8795 0.0244 0.4752
vn -0.0702 0.0400 0.9967
vn -0.9990 0.0275 0.0363
vn -0.9647 0.0476 0.2591
vn -0.9922 0.0145 0.1238
vn 0.1274 0.0208 -0.9916
vn 0.2774 0.0257 -0.9604
vn 0.4806 0.0258 -0.8765
vn -0.4960 0.0484 -0.8670
vn 0.9385 0.0090 -0.3452
vn 0.9976 0.0633 -0.0262
vn 0.9598 0.0408 0.2778
vn 0.7592 0.0457 0.6493
vn 0.0083 0.0393 0.9992
vn -0.8693 0.0400 -0.4926
vn -0.9951 0.0299 -0.0945
vn -0.2947 0.0343 0.9550
vn -0.9989 0.0332 0.0328
vn -0.4109 0.0327 0.9111
vn -0.5240 0.0273 0.8513
vn 0.0285 0.0382 -0.9989
vn 0.2669 0.0220 -0.9635
vn -0.7665 0.0384 -0.6411
vn 0.7356 0.0310 -0.6767
vn 0.8183 0.0631 -0.5713
vn 0.9708 0.0218 -0.2389
vn 0.9968 0.0321 -0.0728
vn 0.9935 0.0377 0.1073
vn 0.8725 0.0363 0.4873
vn 0.6636 0.0390 0.7471
vn 0.5041 0.0419 0.8626
vn -0.9598 0.0379 -0.2780
vn -0.8669 0.0310 -0.4976
vn -0.0578 0.0299 0.9979
vn -0.1697 0.0327 0.9850
vn -0.9960 0.0686 0.0570
vn -0.7995 0.0523 0.5984
vn -0.5966 0.0435 0.8013
vn 0.1316 0.0477 -0.9902
vn 0.2882 0.0441 -0.9566
vn -0.2646 0.0459 -0.9633
vn -0.1333 0.0551 -0.9895
vn 0.3803 0.0383 -0.9241
vn 0.4751 0.0366 -0.8792
vn -0.4891 0.0434 -0.8711
vn -0.3732 0.0315 -0.9272
vn 0.6270 0.0273 -0.7786
vn 0.8844 0.0444 -0.4645
vn 0.9346 0.0368 -0.3539
vn 0.9553 0.0345 0.2937
vn 0.7728 0.0328 0.6338
vn 0.6050 0.0996 0.7900
vn 0.1053 0.0472 0.9933
vn -0.9503 0.0611 -0.3053
vn -0.9968 0.0556 -0.0582
vn -0.3254 0.0378 0.9448
vn -0.7826 0.0239 0.6221
vn -0.8642 0.0474 0.5009
vn -0.6664 0.0367 0.7447
vn 0.0070 0.0492 -0.9988
vn 0.5885 0.0584 -0.8063
vn 0.7387 0.0770 -0.6697
vn -0.6350 0.0348 -0.7718
vn -0.4991 0.2087 -0.8410
vn -0.5075 0.0273 -0.8612
vn 0.8252 0.0352 -0.5638
vn 0.9767 0.0455 -0.2099
vn 0.9967 0.0382 -0.0720
vn 0.9988 0.0159 0.0452
vn 0.9648 0.0240 0.2618
vn 0.8698 0.0455 0.4913
vn 0.8059 0.0379 0.5908
vn 0.6528 0.0214 0.7572
vn 0.5833 0.0136 0.8121
vn 0.4999 0.0473 0.8648
vn 0.2693 0.0495 0.9618
vn 0.0946 0.0387 0.9948
vn -0.0223 0.0707 0.9973
vn -0.7519 0.0590 -0.6566
vn -0.9904 0.0417 -0.1320
vn -0.1436 0.0596 0.9878
vn -0.9736 0.0484 0.2229
vn -0.9993 0.0363 0.0009
vn -0.6738 0.0249 0.7385
vn -0.7800 0.0589 0.6230
vn -0.8125 0.0234 0.5825
vn -0.5052 0.0495 0.8616
vn 0.2820 0.0230 0.9591
vn -0.1389 0.0481 -0.9891
vn -0.0870 0.0361 -0.9956
vn 0.1451 0.0312 -0.9889
vn -0.3602 0.0502 -0.9315
vn 0.4806 0.0449 -0.8758
vn -0.5906 0.0321 -0.8063
vn 0.8979 0.0480 -0.4376
vn 0.9983 0.0309 0.0503
vn -0.9560 0.0701 -0.2850
vn -0.8769 0.0853 -0.4731
vn -0.0064 0.0569 0.9984
vn -0.9977 0.0315 -0.0606
vn -0.3116 0.0604 0.9483
vn -0.3525 0.0027 0.9358
vn -0.9609 0.0893 0.2621
vn -0.9986 0.0207 0.0490
vn -0.8778 0.0507 0.4763
vn 0.0505 0.0820 -0.9954
vn 0.3024 0.0558 -0.9516
vn 0.4973 0.0303 0.8670
vn -0.2628 0.0625 -0.9628
vn 0.3869 0.0414 -0.9212
vn -0.5002 0.0692 -0.8632
vn 0.6314 0.0673 -0.7725
vn 0.8352 0.0651 -0.5461
vn 0.9643 0.0637 -0.2570
vn 0.9979 0.0347 -0.0541
vn 0.9845 0.0497 0.1679
vn 0.9556 0.0480 0.2908
vn 0.8806 0.0792 0.4671
vn 0.7876 0.0469 0.6144
vn 0.6734 0.0502 0.7376
vn 0.1220 0.0486 0.9913
vn 0.0359 0.0454 0.9983
vn -0.0684 0.0389 0.9969
vn -0.1724 0.0470 0.9839
vn -0.6317 0.1662 0.7572
vn -0.6793 0.0624 0.7312
vn -0.9261 0.1088 0.3613
vn -0.0855 0.0817 -0.9930
vn 0.1773 0.0974 -0.9793
vn 0.2870 0.0631 0.9558
vn 0.4714 0.0715 -0.8790
vn 0.6238 0.0614 -0.7792
vn 0.7557 0.0734 -0.6508
vn -0.6360 0.0655 -0.7689
vn -0.4803 0.0624 -0.8749
vn 0.8450 0.0653 -0.5308
vn 0.9022 0.0667 -0.4262
vn 0.9229 0.0703 -0.3786
vn 0.9875 0.0673 0.1426
vn 0.9544 0.0832 0.2867
vn -0.8650 0.0620 -0.4979
vn -0.7562 0.0833 -0.6490
vn -0.3367 0.0704 0.9390
vn -0.9794 0.0792 -0.1860
vn -0.9340 0.0637 -0.3515
vn -0.9935 0.0573 -0.0986
vn -0.5169 0.0509 0.8545
vn -0.8878 0.0490 0.4577
vn -0.9795 0.0642 0.1911
vn -0.8185 0.0511 0.5723
vn 0.4690 0.0477 0.8819
vn 0.1519 0.0905 0.9842
vn -0.1352 0.0646 -0.9887
vn -0.0420 0.0680 -0.9968
vn 0.0452 0.0985 -0.9941
vn 0.1649 0.0958 -0.9816
vn 0.2818 0.0936 -0.9549
vn -0.2779 0.0735 -0.9578
vn 0.6781 0.0743 0.7312
vn 0.5880 0.0942 -0.8034
vn 0.6564 0.0950 -0.7484
vn -0.5801 0.0558 -0.8126
vn 0.9873 0.0746 -0.1401
vn 0.9906 0.1108 -0.0797
vn 0.8794 0.0452 0.4740
vn 0.8042 0.0756 0.5896
vn 0.7696 0.0840 0.6330
vn -0.1939 0.1028 0.9756
vn -0.9257 0.0294 -0.3772
vn -0.8092 0.0416 -0.5861
vn -0.9649 0.0481 -0.2582
vn -0.9584 0.0630 0.2784
vn -0.9821 0.0850 0.1684
vn -0.9968 0.0647 0.0462
vn -0.7047 0.0705 0.7060
vn -0.7797 0.0585 0.6234
vn 0.2686 0.0873 0.9593
vn 0.1450 0.0873 -0.9856
vn -0.4610 0.0579 -0.8855
vn 0.0316 0.0669 0.9973
vn -0.0911 0.1025 0.9906
vn 0.4741 0.1002 -0.8748
vn 0.7462 0.0713 -0.6619
vn 0.8253 0.0604 -0.5615
vn -0.6516 0.0826 -0.7541
vn 0.9027 0.0559 -0.4265
vn 0.9371 0.0836 -0.3390
vn 0.9589 0.0663 0.2757
vn 0.8782 0.0611 0.4744
vn 0.6745 0.0491 0.7367
vn 0.5907 0.0774 0.8032
vn -0.8615 0.0784 -0.5016
vn -0.2841 0.0736 0.9560
vn -0.9896 0.1296 -0.0628
vn -0.9790 0.0673 -0.1922
vn -0.5112 0.0634 0.8571
vn -0.8862 0.0819 0.4560
vn 0.2836 0.1064 0.9530
vn 0.0371 0.1409 0.9893
vn 0.5205 0.0698 0.8510
vn 0.4647 0.1189 0.8775
vn 0.0834 0.0717 -0.9939
vn 0.1656 0.1161 -0.9793
vn -0.2816 0.1287 -0.9509
vn -0.5849 0.1004 -0.8049
vn 0.8343 0.1201 -0.5381
vn 0.9572 0.1060 -0.2694
vn 0.9816 0.1187 -0.1496
vn 0.9957 0.0876 0.0305
vn 0.9918 0.1253 -0.0236
vn 0.9840 0.1096 0.1403
vn -0.8004 0.0944 -0.5919
vn -0.7369 0.1002 -0.6685
vn -0.9289 0.1117 -0.3530
vn -0.9906 0.1287 0.0471
vn -0.3963 0.0732 0.9152
vn -0.4683 0.1223 0.8751
vn -0.7993 0.0955 0.5933
vn -0.1681 0.1129 -0.9793
vn -0.0685 0.0911 -0.9935
vn -0.1274 0.1206 0.9845
vn -0.2857 0.0705 0.9557
vn 0.2947 0.1427 -0.9449
vn -0.4688 0.1332 -0.8732
vn 0.6943 0.0790 0.7154
vn 0.5717 0.0902 0.8155
vn 0.4705 0.0888 0.8779
vn 0.4786 0.1251 -0.8691
vn 0.5902 0.1502 -0.7932
vn 0.7220 0.1248 -0.6805
vn -0.6526 0.1387 -0.7449
vn 0.7928 0.1151 -0.5985
vn 0.8894 0.0952 0.4471
vn -0.9228 0.1355 -0.3608
vn -0.9848 0.1400 0.1031
vn -0.0996 0.9770 0.1884
vn -0.4130 0.9091 0.0551
vn -0.3200 0.9200 0.2264
vn 0.1786 0.9183 0.3533
vn 0.2017 0.9710 0.1286
vn 0.3651 0.9302 0.0372
vn 0.4101 0.8842 0.2236
vn 0.4974 0.8637 -0.0809
vn 0.1791 0.9744 -0.1356
vn 0.1939 0.9111 -0.3637
vn -0.1049 0.9682 -0.2270
vn -0.5032 0.8430 -0.1899
vn -0.0247 0.8627 -0.5051
vn -0.3067 0.8666 -0.3937
vn -0.2450 0.8758 0.4159
vn -0.0609 0.7777 0.6257
vn 0.5377 0.8266 0.1663
vn -0.4847 0.8006 0.3525
vn 0.4412 0.8537 -0.2767
vn -0.6126 0.0903 0.7852
vn -0.7470 0.0957 0.6579
vn 0.2111 0.7750 0.5957
vn 0.4550 0.8019 0.3873
vn -0.6032 0.7747 -0.1898
vn 0.2215 0.8489 -0.4800
vn -0.6415 0.7668 -0.0236
vn -0.6236 0.7228 0.2978
vn 0.6011 0.7421 -0.2966
vn 0.6547 0.7537 -0.0585
vn -0.5219 0.7687 -0.3697
vn 0.3631 0.0380 0.9310
vn 0.2111 0.1267 0.9692
vn 0.2504 0.1280 -0.9596
vn -0.2792 0.1431 -0.9495
vn -0.4208 0.7300 0.5385
vn -0.0958 0.6063 0.7894
vn 0.2056 0.6294 0.7494
vn -0.2469 0.5686 0.7847
vn 0.4286 0.7055 0.5645
vn 0.7063 0.6713 -0.2247
vn -0.6635 0.7124 -0.2288
vn 0.7075 0.1448 -0.6917
vn 0.8914 0.1252 -0.4356
vn 0.9272 0.1362 -0.3490
vn 0.9918 0.1277 0.0105
vn 0.9511 0.0843 0.2972
vn -0.7823 0.6225 0.0242
vn -0.2200 0.1811 0.9585
vn -0.3871 0.0518 0.9206
vn -0.2681 0.6744 0.6880
vn 0.6250 0.7101 0.3242
vn 0.7631 0.6070 0.2217
vn 0.7086 0.7044 0.0418
vn -0.2563 0.8169 -0.5167
vn -0.9450 0.1231 -0.3030
vn -0.8704 0.1557 -0.4670
vn 0.4297 0.7898 -0.4377
vn 0.5526 0.7401 -0.3831
vn -0.7840 0.5786 0.2249
vn -0.6654 0.5505 0.5042
vn -0.5256 0.5964 0.6067
vn 0.5618 0.5237 0.6404
vn -0.7723 0.6066 -0.1888
vn -0.7882 0.6151 -0.0203
vn -0.4824 0.0794 0.8723
vn -0.5856 0.1058 0.8037
vn -0.9023 0.0959 0.4203
vn -0.9643 0.1186 0.2366
vn -0.6336 0.6996 -0.3304
vn -0.7384 0.6182 -0.2694
vn 0.6783 0.5739 0.4588
vn 0.7910 0.6114 -0.0237
vn -0.0144 0.7074 -0.7067
vn -0.2204 0.6786 -0.7006
vn -0.4367 0.7129 -0.5486
vn -0.8022 0.0533 0.5947
vn -0.1511 0.4849 0.8614
vn 0.1014 0.5020 0.8589
vn -0.3739 0.5326 0.7593
vn 0.6887 0.5266 0.4983
vn 0.6462 0.6790 -0.3483
vn 0.5272 0.6491 -0.5484
vn 0.3314 0.7507 -0.5715
vn 0.4378 0.1173 0.8914
vn 0.3064 0.1224 0.9440
vn -0.0824 0.1280 0.9883
vn -0.3222 0.1478 -0.9351
vn 0.4655 0.1567 -0.8711
vn 0.3663 0.5120 0.7770
vn -0.4646 0.1607 -0.8708
vn 0.5911 0.1828 -0.7857
vn 0.9879 0.1544 -0.0126
vn 0.9908 0.1337 0.0189
vn 0.9631 0.1247 0.2386
vn 0.9057 0.0814 0.4161
vn 0.1644 0.6454 -0.7460
vn 0.8845 0.1666 -0.4357
vn 0.9474 0.1367 -0.2894
vn 0.9839 0.1049 -0.1444
vn -0.8265 0.5627 -0.0156
vn 0.7659 0.0684 0.6393
vn 0.8176 0.0660 0.5720
vn 0.7213 0.1635 0.6730
vn 0.6653 0.1294 0.7353
vn -0.8069 0.1433 -0.5731
vn -0.7141 0.1696 -0.6792
vn 0.7982 0.5231 0.2988
vn 0.8781 0.4784 0.0106
vn -0.9739 0.1430 -0.1760
vn -0.3319 0.4681 0.8190
vn -0.2445 0.4223 0.8728
vn -0.7372 0.4870 0.4683
vn -0.5785 0.4660 0.6695
vn -0.8400 0.4987 0.2138
vn -0.5582 0.6028 -0.5701
vn -0.6459 0.6804 -0.3462
vn 0.5499 0.5834 0.5977
vn -0.9851 0.1716 -0.0135
vn 0.2861 0.3916 0.8745
vn 0.4625 0.4115 0.7854
vn 0.7896 0.5758 -0.2121
vn 0.3469 0.6060 -0.7158
vn -0.0327 0.6440 -0.7643
vn 0.0584 0.4367 0.8977
vn 0.0718 0.1425 0.9872
vn 0.0004 0.3111 0.9504
vn -0.0208 0.3608 0.9324
vn 0.7316 0.6214 -0.2804
vn -0.8941 0.0784 0.4409
vn -0.7961 0.5603 -0.2288
vn -0.6995 0.0863 0.7094
vn -0.8200 0.5435 -0.1796
vn -0.8788 0.4688 0.0896
vn -0.1919 0.1270 -0.9732
vn -0.0698 0.1450 -0.9870
vn 0.0646 0.1426 -0.9877
vn -0.1414 0.4156 0.8985
vn 0.0058 0.3147 0.9492
vn 0.2036 0.1400 -0.9690
vn 0.3332 0.1205 -0.9351
vn -0.3398 0.1851 -0.9221
vn -0.4140 0.4154 0.8100
vn -0.3055 0.3930 0.8673
vn 0.5396 0.0685 0.8391
vn 0.6305 0.4404 0.6392
vn 0.7077 0.5283 0.4690
vn 0.9865 0.1449 0.0757
vn -0.3896 0.5888 -0.7082
vn -0.6739 0.6082 -0.4196
vn 0.7144 0.5907 -0.3750
vn 0.6019 0.6618 -0.4469
vn 0.3352 0.6036 -0.7234
vn -0.3933 0.1335 0.9097
vn -0.5793 0.1534 -0.8006
vn 0.7648 0.1925 -0.6148
vn 0.8636 0.1521 -0.4807
vn 0.9022 0.0704 0.4255
vn 0.2062 0.8172 -0.5382
vn -0.0241 0.8705 -0.4916
vn -0.2553 0.7905 -0.5568
vn -0.9071 0.1768 -0.3819
vn 0.8913 0.4478 -0.0713
vn 0.8263 0.5331 -0.1820
vn -0.0819 0.5178 0.8516
vn -0.9233 0.1754 -0.3417
vn 0.8195 0.4623 0.3385
vn 0.8781 0.4126 0.2424
vn 0.3145 0.2847 0.9055
vn 0.1702 0.3157 0.9335
vn 0.2222 0.3398 0.9139
vn -0.5679 0.3743 0.7331
vn -0.3895 0.3213 0.8632
vn -0.8540 0.4234 0.3025
vn -0.7582 0.4245 0.4948
vn -0.8808 0.4734 0.0127
vn -0.7795 0.5145 -0.3573
vn 0.4219 0.6798 -0.5999
vn -0.0160 0.7274 0.6860
vn 0.4231 0.3708 0.8267
vn -0.8054 0.0705 0.5885
vn 0.0794 0.8357 0.5434
vn 0.0747 0.7195 0.6904
vn 0.8984 0.4193 0.1309
vn -0.2899 0.1803 -0.9399
vn -0.1790 0.1642 -0.9701
vn -0.4862 0.7504 -0.4479
vn -0.4872 0.6052 -0.6296
vn -0.0469 0.9760 0.2128
vn 0.2275 0.8809 0.4150
vn 0.4294 0.1744 -0.8861
vn 0.5936 0.1844 -0.7834
vn -0.8648 0.4688 -0.1796
vn -0.9048 0.4212 -0.0632
vn -0.6544 0.6152 -0.4397
vn 0.6776 0.1972 -0.7085
vn 0.9851 0.1316 -0.1108
vn 0.9686 0.1804 0.1712
vn 0.7897 0.4400 0.4275
vn 0.8427 0.4707 -0.2615
vn 0.6942 0.6071 -0.3867
vn 0.4521 0.8486 -0.2749
vn 0.1881 0.9704 -0.1513
vn -0.0352 0.9978 -0.0559
vn -0.7744 0.1579 -0.6127
vn -0.6683 0.1772 -0.7225
vn 0.9024 0.1938 -0.3848
vn 0.3112 0.3701 0.8753
vn 0.5038 0.3975 0.7669
vn -0.7415 0.3802 0.5528
vn 0.7775 0.1348 0.6143
vn 0.0102 0.6471 0.7624
vn -0.2359 0.2858 0.9288
vn 0.2344 0.2828 0.9301
vn 0.2900 0.3371 0.8957
vn -0.4523 0.1153 0.8844
vn -0.6328 0.2553 0.7310
vn 0.4486 0.1367 0.8832
vn -0.8689 0.1806 -0.4608
vn -0.9619 0.1959 -0.1910
vn -0.2382 0.9639 -0.1194
vn 0.2181 0.9729 0.0765
vn -0.0720 0.9796 0.1876
vn -0.2538 0.9355 0.2459
vn 0.8989 0.3698 0.2349
vn 0.9007 0.4220 0.1036
vn -0.8481 0.4722 -0.2405
vn -0.8758 0.4712 -0.1049
vn -0.4651 0.8692 -0.1678
vn -0.2939 0.2942 0.9094
vn -0.4715 0.2990 0.8296
vn -0.1225 0.6246 0.7713
vn -0.9664 0.1500 0.2088
vn -0.9798 0.1892 0.0647
vn 0.5423 0.8401 -0.0120
vn 0.3739 0.9153 0.1496
vn -0.2990 0.9408 0.1594
vn -0.4220 0.8707 0.2524
vn 0.8059 0.3385 0.4857
vn -0.9423 0.3252 0.0795
vn -0.9138 0.3676 0.1729
vn -0.8744 0.3865 0.2935
vn -0.7773 0.1807 0.6026
vn -0.8849 0.1652 0.4355
vn -0.2093 0.8131 0.5432
vn -0.0763 0.1935 -0.9781
vn 0.0704 0.2186 -0.9733
vn -0.3694 0.1967 -0.9082
vn 0.3291 0.1680 -0.9292
vn 0.6069 0.3527 0.7122
vn -0.5222 0.3313 0.7858
vn 0.3470 0.8453 0.4063
vn 0.0380 0.2774 0.9600
vn -0.9134 0.4012 -0.0694
vn -0.5791 0.1912 -0.7925
vn -0.4578 0.1947 -0.8674
vn 0.7589 0.1995 -0.6199
vn 0.9091 0.2437 -0.3378
vn 0.9647 0.2113 -0.1571
vn 0.9749 0.2122 0.0668
vn 0.9435 0.2114 0.2552
vn 0.8831 0.2270 0.4105
vn 0.9358 0.3493 0.0486
vn -0.8610 0.4374 -0.2594
vn -0.6930 0.7191 -0.0510
vn 0.8636 0.1809 -0.4707
vn 0.8766 0.2503 -0.4109
vn -0.7758 0.2024 -0.5976
vn 0.8805 0.4487 -0.1528
vn 0.5301 0.3247 0.7833
vn 0.2219 0.4724 0.8530
vn -0.9050 0.2580 -0.3382
vn -0.0779 0.7191 0.6905
vn -0.9738 0.2247 -0.0356
vn 0.9323 0.3548 -0.0699
vn 0.9004 0.4344 -0.0245
vn 0.8164 0.5748 -0.0557
vn 0.6688 0.7345 -0.1153
vn 0.5398 0.7889 0.2935
vn -0.4310 0.4530 0.7804
vn 0.3729 0.7772 0.5069
vn 0.0953 0.7382 0.6678
vn 0.4066 0.2966 0.8641
vn 0.6341 0.2734 0.7233
vn -0.9065 0.3860 -0.1709
vn -0.7590 0.3492 0.5495
vn -0.9308 0.2377 0.2778
vn -0.2012 0.1792 -0.9630
vn 0.1789 0.2529 -0.9508
vn 0.3380 0.2447 -0.9088
vn -0.1253 0.2414 0.9623
vn -0.2382 0.2713 0.9326
vn -0.1348 0.2698 0.9534
vn 0.4774 0.1917 -0.8575
vn -0.9218 0.3826 -0.0627
vn 0.1819 0.5800 0.7941
vn -0.0298 0.7266 0.6864
vn -0.4197 0.7816 0.4615
vn -0.6098 0.7735 0.1726
vn 0.6881 0.1826 -0.7023
vn 0.7527 0.2334 -0.6157
vn 0.7444 0.2656 0.6126
vn 0.5126 0.4316 0.7422
vn -0.8043 0.5925 0.0450
vn -0.8837 0.2390 -0.4025
vn 0.8669 0.3025 0.3961
vn 0.9830 -0.0960 -0.1564
vn -0.9482 0.2720 0.1642
vn 0.6526 0.7038 0.2807
vn 0.4524 0.2495 0.8562
vn -0.7913 0.2747 0.5462
vn -0.9588 0.2482 0.1380
vn 0.0801 0.2629 0.9615
vn 0.2702 0.2733 0.9232
vn -0.5647 0.2958 0.7705
vn -0.3721 0.2760 0.8862
vn -0.2403 0.2528 0.9372
vn -0.6842 0.3585 0.6350
vn -0.0500 0.2327 -0.9713
vn -0.2067 0.2094 -0.9557
vn 0.6086 0.2250 -0.7609
vn -0.9292 0.3526 -0.1105
vn -0.9578 0.2846 -0.0394
vn -0.8815 0.4664 0.0743
vn -0.1445 0.6701 0.7281
vn -0.5462 0.2598 -0.7964
vn -0.4116 0.2666 -0.8715
vn -0.3486 0.2373 -0.9068
vn 0.6972 0.2280 -0.6796
vn 0.9581 0.2859 -0.0180
vn 0.9530 0.2819 0.1111
vn -0.9598 0.2690 0.0801
vn 0.9049 0.2664 -0.3320
vn 0.9398 0.2773 -0.1997
vn 0.9283 0.2922 0.2300
vn 0.7537 0.5947 0.2798
vn -0.7628 0.2615 -0.5914
vn -0.6567 0.2346 -0.7167
vn 0.7602 0.2491 0.6000
vn 0.8256 0.3531 0.4402
vn 0.9140 0.3429 0.2167
vn 0.8585 0.3617 0.3635
vn -0.3265 0.7564 0.5668
vn -0.6020 0.7258 0.3329
vn -0.2255 0.6726 0.7048
vn -0.6799 0.4776 0.5565
vn -0.8550 0.2907 0.4295
vn 0.5810 0.5077 0.6361
vn 0.1390 0.6818 0.7183
vn -0.8993 0.2745 -0.3406
vn -0.8519 0.2686 -0.4495
vn 0.2060 0.2594 0.9435
vn 0.3532 0.2380 0.9048
vn -0.9037 0.2884 0.3165
vn 0.0114 0.2309 0.9729
vn -0.9344 0.2822 -0.2173
vn -0.7037 0.1954 0.6832
vn -0.4404 0.2129 0.8722
vn 0.9271 0.3409 0.1558
vn -0.1486 0.2547 0.9556
vn -0.8966 0.3797 0.2278
vn -0.0028 0.3114 -0.9503
vn 0.1643 0.2957 -0.9410
vn 0.3052 0.2676 -0.9139
vn 0.4520 0.2969 -0.8412
vn -0.1746 0.3115 -0.9341
vn -0.6984 0.6241 0.3504
vn 0.3675 0.7522 0.5469
vn 0.0521 0.7411 0.6694
vn 0.9002 0.3143 -0.3014
vn 0.9181 0.3569 -0.1722
vn 0.7767 0.2866 -0.5608
vn 0.7671 0.2471 0.5920
vn 0.9176 0.2129 0.3357
vn -0.9544 0.2853 0.0877
vn 0.4981 0.1979 0.8442
vn 0.6277 0.2119 0.7491
vn 0.8488 0.4923 0.1927
vn -0.9150 0.2237 0.3358
vn -0.8719 0.3399 -0.3524
vn -0.2961 0.1916 0.9358
vn -0.1415 0.2121 0.9670
vn -0.7986 0.2007 0.5674
vn -0.9701 0.2414 0.0238
vn -0.9252 0.3660 0.1005
vn -0.9238 0.3791 -0.0537
vn 0.2884 0.2923 -0.9118
vn 0.5347 0.4066 -0.7408
vn 0.6724 0.3403 -0.6574
vn 0.4036 0.7373 0.5417
vn -0.4077 0.3226 -0.8542
vn -0.3712 0.2989 -0.8791
vn 0.8284 0.2864 -0.4814
vn 0.5779 0.6492 0.4945
vn 0.8720 0.3169 -0.3730
vn 0.9094 0.4124 -0.0533
vn 0.9209 0.3885 0.0305
vn 0.7752 0.1988 0.5996
vn 0.8919 0.4373 0.1151
vn -0.6774 0.3610 -0.6410
vn -0.6489 0.3198 -0.6904
vn -0.4868 0.3766 -0.7882
vn 0.5648 0.1569 0.8102
vn -0.1184 0.1551 0.9808
vn 0.0964 0.2130 0.9723
vn -0.9637 0.2109 0.1637
vn -0.9442 0.1786 0.2766
vn -0.8097 0.4040 -0.4256
vn -0.7158 0.3974 -0.5742
vn -0.6107 0.1790 0.7713
vn -0.4324 0.1242 0.8931
vn -0.8747 0.1830 0.4488
vn -0.7716 0.1825 0.6093
vn -0.4209 0.7054 0.5703
vn -0.8316 0.4875 0.2661
vn 0.7462 0.4989 0.4407
vn 0.8057 0.5136 0.2951
vn 0.6337 0.6412 0.4328
vn 0.2851 0.7549 0.5906
vn 0.4551 0.6770 0.5784
vn -0.8905 0.4175 -0.1809
vn 0.1337 0.4027 -0.9055
vn 0.2755 0.4095 -0.8697
vn -0.8789 0.4723 0.0664
vn -0.9188 0.3932 -0.0355
vn -0.8898 0.4556 0.0265
vn -0.2186 0.4008 -0.8897
vn -0.0584 0.4230 -0.9043
vn -0.8029 0.4615 0.3772
vn 0.7145 0.3812 -0.5867
vn 0.7809 0.4128 -0.4688
vn 0.8482 0.3898 -0.3587
vn 0.8973 0.3167 0.3076
vn -0.5471 0.6308 0.5502
vn -0.3130 0.7438 0.5906
vn -0.7038 0.5684 0.4261
vn -0.8093 0.5483 0.2106
vn -0.3469 0.4501 -0.8228
vn 0.8878 0.4296 -0.1653
vn 0.2703 0.1664 0.9483
vn 0.4116 0.1320 0.9018
vn 0.8378 0.5159 0.1786
vn -0.1685 0.7606 0.6270
vn -0.6834 0.1295 0.7185
vn -0.5266 0.1250 0.8409
vn -0.8100 0.3388 0.4787
vn -0.6331 0.6447 0.4285
vn 0.0178 0.7566 0.6536
vn -0.8664 0.4298 -0.2541
vn 0.6875 0.6200 0.3780
vn 0.3746 0.7302 0.5713
vn 0.0526 0.4635 -0.8845
vn -0.8752 0.4819 -0.0418
vn 0.6387 0.4998 -0.5850
vn -0.6901 0.5251 0.4980
vn -0.0933 0.5314 -0.8420
vn 0.7069 0.1317 0.6949
vn 0.8756 0.1250 0.4665
vn 0.7225 0.5102 -0.4666
vn 0.8565 0.3688 0.3612
vn 0.6044 0.5885 0.5369
vn 0.8233 0.5399 -0.1752
vn 0.1564 0.1456 0.9769
vn -0.2522 0.1350 0.9582
vn 0.0192 0.1574 0.9873
vn 0.7552 0.6465 0.1081
vn -0.5912 0.4995 -0.6332
vn -0.4245 0.5529 -0.7170
vn -0.9351 0.2835 0.2127
vn -0.7176 0.5632 -0.4097
vn -0.5939 0.5603 -0.5774
vn 0.1109 0.5044 -0.8563
vn 0.3013 0.5528 -0.7770
vn 0.3551 0.4711 -0.8074
vn 0.8521 0.5180 0.0747
vn 0.7247 0.6290 0.2813
vn 0.3606 0.7542 0.5488
vn 0.4494 0.5595 -0.6964
vn -0.8517 0.4778 -0.2151
vn -0.7512 0.5747 -0.3246
vn 0.9231 0.1765 0.3416
vn 0.1883 0.7356 0.6507
vn 0.5370 0.1245 0.8344
vn 0.6499 0.0905 0.7546
vn -0.7451 0.6485 0.1560
vn 0.3891 0.1155 0.9139
vn -0.2771 0.5367 -0.7970
vn 0.7869 0.5294 -0.3169
vn -0.1299 0.1108 0.9853
vn 0.0615 0.0772 0.9951
vn -0.3983 0.0934 0.9125
vn 0.8351 0.5465 -0.0629
vn -0.6291 0.1093 0.7696
vn -0.5166 0.1020 0.8501
vn -0.8326 0.2595 0.4892
vn -0.7755 0.0913 0.6248
vn -0.1780 0.6204 -0.7638
vn 0.1136 0.8163 0.5663
vn -0.1584 0.7782 0.6077
vn 0.3589 0.5929 -0.7209
vn 0.4290 0.8233 0.3716
vn -0.4383 0.7551 0.4876
vn -0.5207 0.7921 0.3187
vn 0.5027 0.6310 0.5909
vn 0.0709 0.7629 0.6426
vn 0.7899 0.1276 0.5998
vn 0.7231 0.3860 0.5728
vn -0.1536 0.6623 -0.7333
vn 0.7812 0.3367 0.5257
vn -0.7293 0.6838 -0.0229
vn -0.7250 0.6362 -0.2638
vn 0.5364 0.0255 0.8436
vn -0.1402 0.8064 0.5745
vn 0.2732 0.1182 0.9547
vn 0.6551 0.6181 -0.4344
vn 0.6350 0.7015 -0.3235
vn -0.2378 0.7157 -0.6567
vn 0.7061 0.6863 -0.1745
vn 0.6551 0.7554 -0.0145
vn -0.2814 0.0878 0.9556
vn -0.5742 0.8054 0.1468
vn 0.3045 0.6692 -0.6779
vn 0.0072 0.8134 0.5817
vn -0.0147 0.7778 0.6284
vn -0.0240 0.6235 -0.7815
vn 0.1373 0.6119 -0.7789
vn -0.5538 0.6547 -0.5144
vn -0.4913 0.5742 0.6549
vn 0.3701 0.6733 -0.6401
vn 0.5342 0.6098 -0.5855
vn 0.6725 0.0738 0.7364
vn 0.4346 0.8739 0.2178
vn -0.2261 0.8905 0.3949
vn -0.6597 0.7383 -0.1404
vn -0.6657 0.6509 -0.3649
vn -0.5424 0.7477 -0.3831
vn 0.5734 0.6847 -0.4498
vn 0.1688 0.7981 0.5785
vn 0.1969 0.0600 0.9786
vn -0.4587 0.1561 0.8747
vn -0.7229 0.1718 0.6692
vn -0.6161 0.1615 0.7709
vn 0.6503 0.3838 0.6556
vn 0.2554 0.6990 0.6680
vn 0.6318 0.7592 -0.1563
vn -0.5474 0.8310 0.0993
vn 0.1879 0.6864 -0.7026
vn -0.4020 0.8789 0.2569
vn -0.3973 0.7161 -0.5739
vn -0.0861 0.7739 -0.6275
vn 0.0245 0.7457 -0.6658
vn 0.4172 0.0983 0.9035
vn 0.2905 0.0742 0.9540
vn 0.5107 0.0741 0.8566
vn 0.5604 0.8275 -0.0342
vn 0.4235 0.8948 0.1415
vn 0.4200 0.7536 -0.5056
vn -0.3427 0.6630 0.6655
vn -0.4968 0.3032 0.8132
vn -0.1349 0.8650 0.4833
vn 0.6055 0.3080 0.7338
vn 0.5406 0.7842 -0.3046
vn 0.5078 0.8520 -0.1277
vn -0.5395 0.8283 -0.1513
vn -0.3785 0.1849 0.9070
vn -0.2607 0.8160 -0.5159
vn 0.2318 0.7742 -0.5890
vn -0.4114 0.9063 0.0968
vn 0.5209 0.2424 0.8185
vn 0.1123 0.8206 -0.5604
vn 0.1249 0.9094 0.3966
vn 0.1032 0.8775 0.4683
vn 0.2989 0.7857 -0.5416
vn 0.3887 0.8379 -0.3832
vn 0.3487 0.9265 0.1412
vn 0.2458 0.7353 0.6315
vn -0.3452 0.8523 -0.3929
vn -0.1527 0.9138 0.3763
vn 0.0904 0.1768 0.9801
vn 0.2373 0.3362 0.9114
vn 0.2814 0.4985 0.8199
vn 0.4523 0.8504 -0.2688
vn 0.4048 0.9112 -0.0759
vn -0.4365 0.8891 -0.1377
vn -0.4170 0.9088 0.0106
vn -0.0934 0.0513 0.9943
vn 0.3870 0.3258 0.8626
vn 0.2617 0.6718 0.6929
vn -0.1834 0.7777 0.6012
vn 0.2582 0.9433 0.2087
vn -0.3514 0.5227 0.7767
vn -0.3977 0.8629 -0.3119
vn 0.2977 0.9341 -0.1969
vn 0.2931 0.9553 -0.0382
vn -0.2625 0.5056 0.8219
vn -0.2980 0.1177 0.9473
vn -0.0418 0.8498 0.5254
vn 0.1363 0.9299 0.3416
vn -0.0940 0.8760 0.4730
vn -0.2798 0.9568 -0.0792
vn -0.1308 0.1642 0.9777
vn 0.0507 0.8766 0.4786
vn -0.1179 0.8731 -0.4731
vn -0.0163 0.8249 -0.5651
vn -0.2828 0.9533 0.1060
vn 0.3351 0.8048 -0.4899
vn 0.2425 0.9018 -0.3577
vn 0.2011 0.9706 0.1319
vn 0.1009 0.6363 0.7649
vn -0.1907 0.9031 0.3847
vn -0.1850 0.9711 0.1509
vn 0.0090 0.9168 -0.3992
vn 0.1338 0.9126 -0.3863
vn -0.2307 0.9455 -0.2298
vn -0.1260 0.6188 0.7754
vn 0.1753 0.9798 0.0967
vn -0.2396 0.9675 0.0810
vn 0.0030 0.8993 0.4373
vn -0.0381 0.9363 0.3491
vn -0.0534 0.9614 -0.2700
vn -0.1164 0.9858 -0.1208
vn 0.1842 0.9708 -0.1537
vn -0.0231 0.7646 0.6440
vn -0.1422 0.9858 0.0897
vn 0.0155 0.9121 0.4096
vn -0.0067 0.9964 -0.0842
vn 0.0357 0.9666 0.2540
vn -0.0430 0.9974 -0.0585
vn 0.1327 0.9746 -0.1803
vn 0.1162 0.9879 0.1023
vn -0.0061 0.9758 0.2186
vn -0.0915 0.9829 0.1598
vt 0.256856 0.954814
vt 0.247512 0.988964
vt 0.243079 0.966320
vt 0.668510 0.049023
vt 0.676745 0.054936
vt 0.653867 0.077950
vt 0.677472 0.017813
vt 0.683443 0.018014
vt 0.728205 0.170405
vt 0.759196 0.189870
vt 0.747058 0.193444
vt 0.714662 0.176957
vt 0.720034 0.414526
vt 0.752712 0.391462
vt 0.743105 0.439052
vt 0.728103 0.380349
vt 0.791092 0.383451
vt 0.764153 0.389520
vt 0.762049 0.381437
vt 0.794844 0.393815
vt 0.912149 0.967532
vt 0.902935 0.974333
vt 0.891456 0.920075
vt 0.133395 0.940963
vt 0.141173 0.962813
vt 0.122401 0.974556
vt 0.632660 0.547075
vt 0.659972 0.512155
vt 0.656250 0.563164
vt 0.175938 0.524386
vt 0.172843 0.490950
vt 0.181275 0.501050
vt 0.412936 0.879834
vt 0.418633 0.921774
vt 0.397220 0.891995
vt 0.480679 0.824211
vt 0.484886 0.841199
vt 0.464116 0.822447
vt 0.653447 0.577971
vt 0.475131 0.839664
vt 0.463685 0.830305
vt 0.949401 0.660870
vt 0.947396 0.627528
vt 0.961698 0.628474
vt 0.674542 0.524432
vt 0.133781 0.981968
vt 0.404360 0.927787
vt 0.968140 0.334373
vt 0.975084 0.344146
vt 0.954924 0.333854
vt 0.139716 0.939207
vt 0.149537 0.965788
vt 0.144957 0.941570
vt 0.389033 0.899203
vt 0.626409 0.023883
vt 0.622418 0.019224
vt 0.632912 0.003980
vt 0.664797 0.588198
vt 0.385418 0.910799
vt 0.384570 0.900033
vt 0.932419 0.471452
vt 0.913006 0.483193
vt 0.898980 0.471367
vt 0.927176 0.461418
vt 0.917692 0.789071
vt 0.909178 0.782749
vt 0.924882 0.781845
vt 0.967340 0.781078
vt 0.960752 0.760111
vt 0.985927 0.751578
vt 0.984545 0.783527
vt 0.877380 0.283182
vt 0.873109 0.281211
vt 0.873704 0.271272
vt 0.901432 0.788295
vt 0.908021 0.777651
vt 0.929014 0.775227
vt 0.520767 0.914627
vt 0.482429 0.911056
vt 0.496383 0.899973
vt 0.556084 0.852070
vt 0.602664 0.816696
vt 0.597422 0.869199
vt 0.883575 0.275661
vt 0.873887 0.250956
vt 0.608099 0.857770
vt 0.869668 0.252750
vt 0.879123 0.248728
vt 0.899771 0.458442
vt 0.886824 0.456260
vt 0.907272 0.450864
vt 0.517949 0.945472
vt 0.970698 0.832992
vt 0.988009 0.835032
vt 0.964883 0.841849
vt 0.569815 0.906105
vt 0.603811 0.894699
vt 0.589278 0.913794
vt 0.933408 0.061021
vt 0.924567 0.121578
vt 0.897267 0.110003
vt 0.620164 0.383922
vt 0.619372 0.387953
vt 0.603293 0.381833
vt 0.515351 0.196619
vt 0.480868 0.198414
vt 0.497769 0.187664
vt 0.915609 0.058115
vt 0.909108 0.072815
vt 0.987905 0.830023
vt 0.988981 0.841025
vt 0.968102 0.845860
vt 0.605130 0.372014
vt 0.595988 0.376050
vt 0.471822 0.192831
vt 0.472608 0.186674
vt 0.848799 0.247398
vt 0.829705 0.206629
vt 0.878369 0.233533
vt 0.822747 0.193286
vt 0.826385 0.185358
vt 0.831368 0.185660
vt 0.978277 0.029120
vt 0.983622 0.023181
vt 0.986472 0.036969
vt 0.612551 0.903881
vt 0.873846 0.199045
vt 0.839880 0.177998
vt 0.828204 0.170701
vt 0.833307 0.177113
vt 0.974090 0.028087
vt 0.974638 0.004627
vt 0.980362 0.006775
vt 0.312645 0.898057
vt 0.296871 0.927963
vt 0.301463 0.894705
vt 0.934313 0.424332
vt 0.945912 0.384432
vt 0.946687 0.419493
vt 0.951871 0.495310
vt 0.952215 0.550912
vt 0.926910 0.554412
vt 0.988709 0.427723
vt 0.976841 0.423742
vt 0.988260 0.424362
vt 0.331244 0.365181
vt 0.328685 0.373130
vt 0.310279 0.375020
vt 0.022726 0.914824
vt 0.011646 0.910192
vt 0.026238 0.911000
vt 0.928399 0.849007
vt 0.920740 0.821391
vt 0.951010 0.845260
vt 0.542359 0.701751
vt 0.537926 0.693714
vt 0.536867 0.659715
vt 0.024585 0.964672
vt 0.022494 0.921099
vt 0.057648 0.965543
vt 0.947170 0.858307
vt 0.861903 0.470402
vt 0.860676 0.464917
vt 0.862621 0.460051
vt 0.948185 0.954977
vt 0.946221 0.958860
vt 0.939393 0.954875
vt 0.928256 0.854982
vt 0.542030 0.649198
vt 0.598925 0.679672
vt 0.294872 0.921228
vt 0.957666 0.799918
vt 0.307949 0.449273
vt 0.297713 0.478567
vt 0.292740 0.437107
vt 0.595977 0.642960
vt 0.128161 0.802172
vt 0.102617 0.803950
vt 0.115993 0.785322
vt 0.281162 0.456420
vt 0.282243 0.426450
vt 0.093538 0.792687
vt 0.479064 0.316368
vt 0.501703 0.326682
vt 0.482359 0.328707
vt 0.411557 0.121805
vt 0.455414 0.123440
vt 0.442413 0.134770
vt 0.299353 0.497805
vt 0.286377 0.488044
vt 0.711583 0.876407
vt 0.708878 0.890515
vt 0.700149 0.884526
vt 0.464359 0.327211
vt 0.753696 0.881596
vt 0.741413 0.892486
vt 0.337878 0.507715
vt 0.334624 0.492280
vt 0.339547 0.486183
vt 0.345394 0.480973
vt 0.344429 0.509803
vt 0.721538 0.155711
vt 0.743799 0.168247
vt 0.692392 0.038273
vt 0.677613 0.068162
vt 0.765570 0.188832
vt 0.761654 0.374340
vt 0.786490 0.377285
vt 0.162829 0.513990
vt 0.165564 0.493541
vt 0.072071 0.252249
vt 0.061318 0.237634
vt 0.066885 0.235871
vt 0.072071 0.234469
vt 0.869102 0.525914
vt 0.861554 0.557424
vt 0.857198 0.541525
vt 0.860749 0.519200
vt 0.644465 0.577723
vt 0.622164 0.551980
vt 0.617263 0.532419
vt 0.466618 0.838656
vt 0.460818 0.841753
vt 0.455785 0.836097
vt 0.975899 0.501424
vt 0.975895 0.496475
vt 0.990745 0.496095
vt 0.960276 0.341597
vt 0.968088 0.351263
vt 0.957809 0.345355
vt 0.969748 0.496647
vt 0.970930 0.491894
vt 0.986223 0.490938
vt 0.958228 0.983506
vt 0.956581 0.971274
vt 0.965219 0.977730
vt 0.967416 0.983159
vt 0.153566 0.963219
vt 0.152348 0.950946
vt 0.157110 0.961135
vt 0.876850 0.492756
vt 0.875834 0.521331
vt 0.870811 0.490361
vt 0.878366 0.474829
vt 0.380613 0.904803
vt 0.936924 0.768004
vt 0.925488 0.767623
vt 0.916882 0.767739
vt 0.634225 0.028984
vt 0.637288 0.031233
vt 0.629577 0.037929
vt 0.657768 0.595495
vt 0.622447 0.040540
vt 0.632367 0.025119
vt 0.002930 0.811513
vt 0.004136 0.798477
vt 0.006734 0.803865
vt 0.619504 0.037424
vt 0.902973 0.447385
vt 0.896099 0.446191
vt 0.904506 0.773285
vt 0.898844 0.766966
vt 0.906264 0.763484
vt 0.865305 0.254590
vt 0.866598 0.266372
vt 0.861516 0.256046
vt 0.882884 0.450929
vt 0.534352 0.905549
vt 0.518839 0.895968
vt 0.537544 0.895643
vt 0.564383 0.920031
vt 0.574002 0.929894
vt 0.620913 0.394756
vt 0.604405 0.389834
vt 0.602442 0.385445
vt 0.989121 0.845880
vt 0.972412 0.850861
vt 0.995481 0.842371
vt 0.113313 0.964787
vt 0.115199 0.979739
vt 0.110195 0.980051
vt 0.106829 0.973843
vt 0.968857 0.093916
vt 0.966353 0.100834
vt 0.956843 0.093300
vt 0.725300 0.118312
vt 0.731926 0.119857
vt 0.724858 0.125668
vt 0.731733 0.113774
vt 0.739495 0.115419
vt 0.746648 0.119294
vt 0.740541 0.123271
vt 0.935428 0.441752
vt 0.928112 0.441443
vt 0.101607 0.988500
vt 0.329254 0.380739
vt 0.326616 0.377328
vt 0.971911 0.417815
vt 0.981278 0.417043
vt 0.988223 0.419185
vt 0.131943 0.862593
vt 0.146612 0.868825
vt 0.116548 0.881497
vt 0.602548 0.920775
vt 0.320814 0.382553
vt 0.311584 0.378601
vt 0.928585 0.958778
vt 0.932892 0.963658
vt 0.914360 0.958701
vt 0.959034 0.425267
vt 0.311917 0.383217
vt 0.846706 0.461618
vt 0.851966 0.455757
vt 0.845436 0.470714
vt 0.868691 0.455503
vt 0.861538 0.455560
vt 0.859013 0.451579
vt 0.943700 0.967714
vt 0.931887 0.968075
vt 0.954474 0.391987
vt 0.932959 0.394850
vt 0.940796 0.376366
vt 0.551883 0.978187
vt 0.533554 0.978541
vt 0.561089 0.969447
vt 0.275594 0.470969
vt 0.269752 0.452897
vt 0.754476 0.903592
vt 0.735474 0.899028
vt 0.715842 0.898475
vt 0.464684 0.139746
vt 0.437671 0.142056
vt 0.355198 0.476686
vt 0.355655 0.508025
vt 0.265864 0.985022
vt 0.261933 0.961879
vt 0.266205 0.964236
vt 0.689553 0.019417
vt 0.167145 0.461084
vt 0.155584 0.475490
vt 0.689485 0.054966
vt 0.758298 0.169837
vt 0.768007 0.171992
vt 0.164584 0.523462
vt 0.152550 0.523874
vt 0.150525 0.513418
vt 0.156329 0.494728
vt 0.780884 0.367754
vt 0.806926 0.379925
vt 0.644238 0.590089
vt 0.636640 0.589653
vt 0.858758 0.494526
vt 0.975049 0.353047
vt 0.969984 0.359176
vt 0.961731 0.358676
vt 0.980177 0.639148
vt 0.973708 0.644758
vt 0.974550 0.634792
vt 0.962988 0.635068
vt 0.963981 0.631338
vt 0.963763 0.638769
vt 0.980438 0.587359
vt 0.979199 0.584172
vt 0.983954 0.584694
vt 0.010954 0.799759
vt 0.009510 0.808994
vt 0.948022 0.919321
vt 0.949084 0.949547
vt 0.933369 0.929970
vt 0.938001 0.903171
vt 0.649887 0.922540
vt 0.638743 0.916597
vt 0.674106 0.917418
vt 0.003254 0.823507
vt 0.627352 0.404341
vt 0.617558 0.400632
vt 0.604498 0.393441
vt 0.480518 0.204398
vt 0.521214 0.206343
vt 0.491888 0.210857
vt 0.955982 0.089535
vt 0.956276 0.085690
vt 0.724640 0.112529
vt 0.145166 0.848599
vt 0.578820 0.981968
vt 0.920751 0.422961
vt 0.926733 0.392161
vt 0.272094 0.429578
vt 0.259252 0.435948
vt 0.110896 0.814061
vt 0.129289 0.808012
vt 0.130355 0.820428
vt 0.091969 0.814538
vt 0.482807 0.339373
vt 0.501756 0.337836
vt 0.463258 0.338301
vt 0.409555 0.140083
vt 0.427175 0.151074
vt 0.407699 0.149502
vt 0.269957 0.490769
vt 0.265206 0.473404
vt 0.694865 0.899956
vt 0.464636 0.149693
vt 0.445984 0.151619
vt 0.959864 0.965875
vt 0.975766 0.973336
vt 0.952006 0.964992
vt 0.956764 0.954881
vt 0.915046 0.757797
vt 0.893293 0.440405
vt 0.899012 0.432717
vt 0.994586 0.850355
vt 0.993170 0.854693
vt 0.987591 0.415229
vt 0.982617 0.408888
vt 0.965632 0.413168
vt 0.958906 0.419742
vt 0.975335 0.407415
vt 0.917463 0.969250
vt 0.961793 0.646092
vt 0.008314 0.793782
vt 0.014769 0.794962
vt 0.018489 0.807738
vt 0.017204 0.824084
vt 0.010127 0.824312
vt 0.602733 0.400104
vt 0.956187 0.080924
vt 0.961302 0.078563
vt 0.322074 0.393014
vt 0.307448 0.386893
vt 0.848874 0.443217
vt 0.856077 0.443573
vt 0.583231 0.179388
vt 0.594327 0.172407
vt 0.600832 0.183740
vt 0.566394 0.184748
vt 0.566834 0.178028
vt 0.729893 0.146441
vt 0.744797 0.155487
vt 0.155311 0.458403
vt 0.753116 0.361953
vt 0.800629 0.361035
vt 0.162039 0.101350
vt 0.145941 0.091535
vt 0.179314 0.098732
vt 0.844181 0.537667
vt 0.846744 0.520005
vt 0.940114 0.886027
vt 0.929261 0.902165
vt 0.640116 0.604721
vt 0.956174 0.351838
vt 0.977463 0.358644
vt 0.970213 0.487774
vt 0.973804 0.482825
vt 0.984174 0.483106
vt 0.964250 0.962029
vt 0.618674 0.921148
vt 0.619312 0.909433
vt 0.638101 0.906679
vt 0.668746 0.910035
vt 0.923440 0.761891
vt 0.523735 0.213928
vt 0.506010 0.221351
vt 0.487238 0.222824
vt 0.103182 0.970128
vt 0.097695 0.970709
vt 0.862600 0.988724
vt 0.854878 0.968952
vt 0.860386 0.984436
vt 0.922033 0.441837
vt 0.909950 0.443250
vt 0.049216 0.833303
vt 0.060523 0.830607
vt 0.063446 0.848425
vt 0.061576 0.849264
vt 0.046706 0.854866
vt 0.111858 0.822821
vt 0.901317 0.757481
vt 0.154513 0.187335
vt 0.166664 0.200760
vt 0.161205 0.204432
vt 0.154513 0.207204
vt 0.918017 0.951731
vt 0.922605 0.938126
vt 0.920767 0.919915
vt 0.881101 0.443271
vt 0.881666 0.438292
vt 0.891653 0.435232
vt 0.974660 0.858873
vt 0.989904 0.859945
vt 0.850680 0.944539
vt 0.850776 0.957484
vt 0.846952 0.945951
vt 0.735052 0.108123
vt 0.747737 0.108222
vt 0.606915 0.929422
vt 0.587146 0.936795
vt 0.926364 0.976423
vt 0.914360 0.975081
vt 0.938884 0.976717
vt 0.867313 0.446712
vt 0.539502 0.957746
vt 0.559164 0.952809
vt 0.162524 0.860672
vt 0.171540 0.876776
vt 0.152691 0.880540
vt 0.255719 0.454981
vt 0.502119 0.352071
vt 0.482287 0.348189
vt 0.462053 0.353253
vt 0.733939 0.908108
vt 0.984109 0.581525
vt 0.978834 0.577759
vt 0.985019 0.577597
vt 0.019027 0.801985
vt 0.963336 0.893367
vt 0.963817 0.901513
vt 0.956418 0.898652
vt 0.617289 0.409722
vt 0.850204 0.977979
vt 0.848554 0.968352
vt 0.970518 0.477107
vt 0.981588 0.648325
vt 0.974309 0.650474
vt 0.952746 0.949011
vt 0.957252 0.943595
vt 0.965378 0.950096
vt 0.726636 0.104449
vt 0.746008 0.103381
vt 0.368268 0.495452
vt 0.363501 0.512226
vt 0.601264 0.191670
vt 0.583160 0.195845
vt 0.720336 0.136028
vt 0.548198 0.187618
vt 0.565079 0.196495
vt 0.360722 0.459318
vt 0.349543 0.443260
vt 0.357950 0.441414
vt 0.369380 0.477892
vt 0.748479 0.348393
vt 0.765378 0.352283
vt 0.783378 0.353774
vt 0.136954 0.510864
vt 0.142207 0.492049
vt 0.843494 0.554566
vt 0.616205 0.559742
vt 0.621090 0.580708
vt 0.610456 0.563087
vt 0.147478 0.079968
vt 0.164277 0.082317
vt 0.844657 0.500367
vt 0.848764 0.482651
vt 0.619750 0.896827
vt 0.895972 0.846693
vt 0.895767 0.839075
vt 0.902919 0.841113
vt 0.952271 0.361053
vt 0.976716 0.963725
vt 0.984020 0.974395
vt 0.967363 0.954852
vt 0.524899 0.220915
vt 0.995312 0.860348
vt 0.857928 0.987760
vt 0.988724 0.400192
vt 0.984023 0.401681
vt 0.850436 0.987894
vt 0.843027 0.985388
vt 0.843589 0.975612
vt 0.965859 0.405492
vt 0.968803 0.400730
vt 0.977531 0.398156
vt 0.469371 0.224513
vt 0.906051 0.424352
vt 0.939768 0.981750
vt 0.927044 0.980764
vt 0.051981 0.873608
vt 0.037747 0.874781
vt 0.037107 0.834854
vt 0.921824 0.899838
vt 0.706357 0.312049
vt 0.697102 0.317874
vt 0.686146 0.303080
vt 0.183729 0.096845
vt 0.183729 0.076746
vt 0.191439 0.079226
vt 0.022640 0.802538
vt 0.891808 0.428809
vt 0.902314 0.750702
vt 0.908886 0.751432
vt 0.881462 0.433531
vt 0.568448 0.939833
vt 0.124137 0.889770
vt 0.138509 0.895769
vt 0.124589 0.909859
vt 0.091121 0.828512
vt 0.112621 0.834107
vt 0.481917 0.361269
vt 0.753108 0.918767
vt 0.732862 0.919483
vt 0.713631 0.909505
vt 0.966355 0.652176
vt 0.978222 0.574260
vt 0.983919 0.573261
vt 0.021130 0.813847
vt 0.953269 0.896876
vt 0.960007 0.884928
vt 0.598041 0.403262
vt 0.598542 0.399391
vt 0.970947 0.080601
vt 0.959136 0.073927
vt 0.970921 0.075884
vt 0.977463 0.080051
vt 0.985793 0.395545
vt 0.608864 0.252249
vt 0.607184 0.249732
vt 0.613099 0.246212
vt 0.612660 0.251751
vt 0.836617 0.985715
vt 0.835658 0.976728
vt 0.960433 0.400529
vt 0.914958 0.984340
vt 0.921564 0.985756
vt 0.965855 0.392921
vt 0.971024 0.393561
vt 0.333157 0.391480
vt 0.333329 0.395976
vt 0.313646 0.400346
vt 0.970144 0.149175
vt 0.962886 0.145787
vt 0.976541 0.144356
vt 0.976973 0.148478
vt 0.528174 0.969422
vt 0.255774 0.421608
vt 0.246626 0.435876
vt 0.257981 0.493405
vt 0.249322 0.476858
vt 0.466046 0.166126
vt 0.446436 0.170219
vt 0.426405 0.167210
vt 0.691816 0.910881
vt 0.949321 0.358639
vt 0.950812 0.352931
vt 0.950032 0.367112
vt 0.988725 0.657174
vt 0.986283 0.662746
vt 0.982864 0.154228
vt 0.982918 0.168441
vt 0.971465 0.168083
vt 0.840894 0.970802
vt 0.838176 0.959270
vt 0.978622 0.389600
vt 0.971112 0.389899
vt 0.609081 0.244990
vt 0.612972 0.238961
vt 0.617247 0.247161
vt 0.933267 0.987033
vt 0.921094 0.991351
vt 0.916808 0.994381
vt 0.083210 0.234636
vt 0.087837 0.241940
vt 0.083210 0.247744
vt 0.606949 0.234580
vt 0.610633 0.231497
vt 0.619371 0.232654
vt 0.625254 0.243231
vt 0.887886 0.838497
vt 0.893783 0.831815
vt 0.982857 0.953601
vt 0.983238 0.956643
vt 0.980788 0.946948
vt 0.885036 0.424310
vt 0.842269 0.950510
vt 0.632910 0.242491
vt 0.935263 0.995768
vt 0.924253 0.997173
vt 0.942408 0.987867
vt 0.610646 0.220450
vt 0.618827 0.217548
vt 0.330777 0.406433
vt 0.322670 0.401777
vt 0.547106 0.200340
vt 0.140970 0.471652
vt 0.141954 0.454492
vt 0.065314 0.254501
vt 0.057136 0.254501
vt 0.058740 0.236463
vt 0.764161 0.161231
vt 0.750251 0.144842
vt 0.136927 0.522255
vt 0.180555 0.092399
vt 0.802751 0.349203
vt 0.832903 0.549164
vt 0.833500 0.522020
vt 0.989435 0.565138
vt 0.992840 0.568280
vt 0.661966 0.898548
vt 0.638103 0.893857
vt 0.951341 0.892935
vt 0.959176 0.876481
vt 0.827856 0.957479
vt 0.957881 0.067499
vt 0.507287 0.232553
vt 0.487937 0.232340
vt 0.974428 0.138720
vt 0.967154 0.129921
vt 0.974930 0.128985
vt 0.956138 0.141238
vt 0.974176 0.121788
vt 0.964784 0.123208
vt 0.969026 0.114632
vt 0.627265 0.219447
vt 0.627884 0.224897
vt 0.952239 0.130593
vt 0.902917 0.404974
vt 0.032664 0.854855
vt 0.627740 0.600274
vt 0.981493 0.665779
vt 0.967595 0.657618
vt 0.971189 0.179188
vt 0.989770 0.152393
vt 0.987056 0.168762
vt 0.993008 0.159815
vt 0.995999 0.173767
vt 0.983876 0.177875
vt 0.825896 0.954434
vt 0.832291 0.947320
vt 0.826811 0.972414
vt 0.915584 0.884896
vt 0.916561 0.876571
vt 0.924983 0.884544
vt 0.829736 0.988003
vt 0.974151 0.626560
vt 0.965577 0.623887
vt 0.971251 0.618667
vt 0.977886 0.615684
vt 0.985377 0.629156
vt 0.969698 0.911251
vt 0.977058 0.915334
vt 0.974192 0.922348
vt 0.735871 0.100783
vt 0.744488 0.089228
vt 0.735671 0.092351
vt 0.091028 0.023006
vt 0.096845 0.028024
vt 0.091028 0.029279
vt 0.963630 0.614533
vt 0.968922 0.609807
vt 0.309956 0.397533
vt 0.131107 0.831869
vt 0.903981 0.835826
vt 0.900867 0.826105
vt 0.888505 0.825151
vt 0.895914 0.821751
vt 0.908154 0.936391
vt 0.711098 0.332409
vt 0.714234 0.352719
vt 0.703393 0.337832
vt 0.024973 0.814691
vt 0.025574 0.809672
vt 0.995242 0.565002
vt 0.995043 0.558659
vt 0.981161 0.182327
vt 0.844051 0.064777
vt 0.849499 0.061740
vt 0.845848 0.070784
vt 0.855844 0.063608
vt 0.851972 0.070226
vt 0.842100 0.071874
vt 0.852094 0.078169
vt 0.848141 0.079110
vt 0.842807 0.077735
vt 0.848308 0.083607
vt 0.933273 0.872824
vt 0.933590 0.868915
vt 0.936923 0.870927
vt 0.920049 0.872625
vt 0.851446 0.084591
vt 0.639895 0.239588
vt 0.635696 0.238482
vt 0.638847 0.235286
vt 0.927165 0.867810
vt 0.920636 0.866932
vt 0.822650 0.981389
vt 0.824468 0.979648
vt 0.824704 0.985696
vt 0.924823 0.864812
vt 0.609715 0.936333
vt 0.177925 0.201146
vt 0.168694 0.220718
vt 0.168694 0.200947
vt 0.344799 0.794209
vt 0.346711 0.803347
vt 0.328666 0.809732
vt 0.324356 0.793838
vt 0.975091 0.606767
vt 0.978279 0.602757
vt 0.989953 0.618960
vt 0.726510 0.092956
vt 0.175673 0.886304
vt 0.159588 0.894252
vt 0.243273 0.456236
vt 0.529464 0.948332
vt 0.535410 0.938054
vt 0.407306 0.161243
vt 0.461247 0.362182
vt 0.752180 0.927810
vt 0.711144 0.924669
vt 0.130270 0.110359
vt 0.129622 0.105587
vt 0.137618 0.102839
vt 0.980284 0.569737
vt 0.976107 0.570666
vt 0.973317 0.565301
vt 0.913560 0.276955
vt 0.919508 0.278307
vt 0.913680 0.281273
vt 0.991459 0.556690
vt 0.922836 0.275347
vt 0.927915 0.275646
vt 0.919710 0.288711
vt 0.967263 0.054154
vt 0.972358 0.043903
vt 0.977049 0.059965
vt 0.139733 0.098777
vt 0.138631 0.092089
vt 0.150940 0.104268
vt 0.102812 0.130309
vt 0.103489 0.140948
vt 0.097707 0.132083
vt 0.148783 0.110359
vt 0.911883 0.284987
vt 0.908451 0.279156
vt 0.926969 0.281690
vt 0.927915 0.287353
vt 0.927131 0.294718
vt 0.927194 0.299616
vt 0.910277 0.295380
vt 0.131974 0.096506
vt 0.910313 0.288400
vt 0.991853 0.060216
vt 0.980612 0.063394
vt 0.806797 0.983116
vt 0.803472 0.975374
vt 0.807105 0.959149
vt 0.982561 0.038597
vt 0.948097 0.887512
vt 0.989843 0.039483
vt 0.993229 0.042778
vt 0.950914 0.880928
vt 0.942758 0.884626
vt 0.979515 0.937764
vt 0.980567 0.918226
vt 0.954641 0.867087
vt 0.984741 0.069828
vt 0.811262 0.954260
vt 0.819808 0.956901
vt 0.969698 0.925997
vt 0.641883 0.232737
vt 0.955971 0.860456
vt 0.962165 0.863888
vt 0.977463 0.103961
vt 0.971834 0.105492
vt 0.991706 0.624160
vt 0.100602 0.047296
vt 0.096473 0.043167
vt 0.101350 0.042101
vt 0.959549 0.854420
vt 0.963950 0.858242
vt 0.384564 0.460005
vt 0.733358 0.135828
vt 0.733020 0.339022
vt 0.751750 0.327328
vt 0.767502 0.332335
vt 0.806031 0.333475
vt 0.823475 0.515607
vt 0.831660 0.486955
vt 0.613951 0.876423
vt 0.525079 0.229124
vt 0.030137 0.893747
vt 0.024694 0.875426
vt 0.125439 0.524767
vt 0.122709 0.510703
vt 0.610456 0.594254
vt 0.310035 0.803888
vt 0.306364 0.795267
vt 0.502038 0.374907
vt 0.559317 0.941377
vt 0.235230 0.482230
vt 0.232156 0.437979
vt 0.404779 0.189374
vt 0.550994 0.219215
vt 0.529715 0.200356
vt 0.374343 0.440552
vt 0.734290 0.590803
vt 0.749584 0.606428
vt 0.729575 0.609797
vt 0.789317 0.322748
vt 0.749675 0.644319
vt 0.742558 0.665151
vt 0.736860 0.634179
vt 0.753802 0.623866
vt 0.816643 0.550820
vt 0.815310 0.531990
vt 0.621169 0.870820
vt 0.639166 0.874494
vt 0.487772 0.259990
vt 0.146394 0.202508
vt 0.127436 0.213961
vt 0.127436 0.194492
vt 0.129082 0.082335
vt 0.131514 0.063629
vt 0.168907 0.052575
vt 0.005460 0.833750
vt 0.657558 0.321405
vt 0.091153 0.850638
vt 0.110570 0.858096
vt 0.482772 0.391809
vt 0.356518 0.798779
vt 0.366190 0.836793
vt 0.000114 0.165738
vt 0.017996 0.156256
vt 0.018951 0.179297
vt 0.239469 0.498920
vt 0.215499 0.489210
vt 0.224717 0.481647
vt 0.224050 0.460206
vt 0.466187 0.188989
vt 0.426606 0.191357
vt 0.427594 0.482684
vt 0.420977 0.520283
vt 0.563846 0.262567
vt 0.546031 0.233122
vt 0.723067 0.631043
vt 0.112948 0.632596
vt 0.107184 0.612047
vt 0.126188 0.617348
vt 0.123525 0.655336
vt 0.102282 0.650083
vt 0.810799 0.319468
vt 0.806281 0.512568
vt 0.811908 0.480368
vt 0.183327 0.072522
vt 0.723946 0.649360
vt 0.001580 0.894138
vt 0.003688 0.878818
vt 0.114004 0.062650
vt 0.117208 0.042889
vt 0.133921 0.045550
vt 0.380679 0.135827
vt 0.408778 0.121969
vt 0.408778 0.137861
vt 0.371343 0.105274
vt 0.400058 0.105298
vt 0.461693 0.384287
vt 0.657582 0.344899
vt 0.213755 0.477873
vt 0.045044 0.055545
vt 0.044868 0.076712
vt 0.025787 0.074720
vt 0.039786 0.420289
vt 0.020792 0.434699
vt 0.020037 0.402617
vt 0.038735 0.388702
vt 0.058221 0.390172
vt 0.058235 0.414130
vt 0.000818 0.196713
vt 0.601042 0.245279
vt 0.109786 0.598785
vt 0.527613 0.231089
vt 0.132784 0.639286
vt 0.109885 0.669179
vt 0.127616 0.675464
vt 0.108278 0.686394
vt 0.885671 0.679381
vt 0.914260 0.710096
vt 0.889647 0.711330
vt 0.898924 0.728788
vt 0.334268 0.908107
vt 0.351779 0.926947
vt 0.327583 0.926465
vt 0.450556 0.264155
vt 0.468850 0.275201
vt 0.450001 0.275453
vt 0.186991 0.196333
vt 0.203594 0.196653
vt 0.191473 0.214174
vt 0.153538 0.037992
vt 0.102088 0.028240
vt 0.135938 0.032816
vt 0.198796 0.250534
vt 0.182215 0.232292
vt 0.206000 0.232478
vt 0.392345 0.088666
vt 0.659290 0.367455
vt 0.366649 0.820649
vt 0.385130 0.831239
vt 0.076770 0.372600
vt 0.001052 0.414133
vt 0.000371 0.390798
vt 0.019693 0.389937
vt 0.035919 0.185790
vt 0.053403 0.175169
vt 0.053200 0.185809
vt 0.426339 0.502152
vt 0.583560 0.266747
vt 0.545239 0.254624
vt 0.131225 0.600165
vt 0.162310 0.616935
vt 0.142357 0.661627
vt 0.704957 0.654611
vt 0.917028 0.728699
vt 0.331154 0.889746
vt 0.354296 0.872153
vt 0.376702 0.890813
vt 0.334627 0.945470
vt 0.177284 0.017557
vt 0.214238 0.214389
vt 0.369993 0.121377
vt 0.359947 0.088351
vt 0.162875 0.647702
vt 0.129785 0.693684
vt 0.146148 0.681635
vt 0.932087 0.677700
vt 0.938449 0.691189
vt 0.933850 0.711040
vt 0.921607 0.746742
vt 0.892253 0.747737
vt 0.203052 0.161207
vt 0.213340 0.143747
vt 0.248605 0.168765
vt 0.235222 0.178659
vt 0.201304 0.178818
vt 0.189792 0.033418
vt 0.220176 0.196972
vt 0.159242 0.004762
vt 0.328355 0.137948
vt 0.360238 0.105545
vt 0.390368 0.070927
vt 0.019693 0.353342
vt 0.057659 0.353194
vt 0.018055 0.233961
vt 0.000907 0.231087
vt 0.619173 0.509211
vt 0.601063 0.515742
vt 0.601065 0.414959
vt 0.170178 0.631249
vt 0.162158 0.683725
vt 0.945932 0.676359
vt 0.944927 0.747737
vt 0.206695 0.126883
vt 0.236629 0.126101
vt 0.236900 0.143254
vt 0.235503 0.197354
vt 0.266888 0.250559
vt 0.341650 0.121426
vt 0.076133 0.353007
vt 0.458863 0.582123
vt 0.473415 0.581913
vt 0.471510 0.600556
vt 0.095436 0.353257
vt 0.114794 0.372801
vt 0.000155 0.353441
vt 0.588327 0.283253
vt 0.595118 0.267573
vt 0.620682 0.270377
vt 0.623093 0.295291
vt 0.582569 0.503127
vt 0.831856 0.823818
vt 0.800399 0.831708
vt 0.801090 0.815214
vt 0.376793 0.873001
vt 0.654588 0.183989
vt 0.643194 0.164594
vt 0.659086 0.171154
vt 0.377175 0.945618
vt 0.740342 0.308444
vt 0.720246 0.322575
vt 0.719897 0.296893
vt 0.766335 0.292771
vt 0.772589 0.308800
vt 0.243508 0.215205
vt 0.333592 0.105624
vt 0.334286 0.087461
vt 0.339795 0.724117
vt 0.338001 0.699598
vt 0.359921 0.721914
vt 0.321277 0.737622
vt 0.364793 0.054052
vt 0.339512 0.053311
vt 0.334780 0.371616
vt 0.334780 0.305969
vt 0.352328 0.363622
vt 0.671605 0.853108
vt 0.657508 0.856218
vt 0.654101 0.835829
vt 0.018891 0.340736
vt 0.396873 0.878541
vt 0.379134 0.882870
vt 0.379623 0.847859
vt 0.396593 0.827109
vt 0.431367 0.827898
vt 0.035944 0.242664
vt 0.638322 0.467899
vt 0.619705 0.417576
vt 0.638195 0.292204
vt 0.621968 0.333781
vt 0.601037 0.317991
vt 0.100932 0.510469
vt 0.088694 0.525453
vt 0.024716 0.527005
vt 0.779036 0.831554
vt 0.077528 0.565187
vt 0.050368 0.564264
vt 0.037677 0.545657
vt 0.088306 0.545387
vt 0.495663 0.657803
vt 0.511260 0.661067
vt 0.526619 0.671354
vt 0.515835 0.697187
vt 0.455642 0.654660
vt 0.474651 0.655079
vt 0.461442 0.691622
vt 0.691691 0.184728
vt 0.687526 0.145220
vt 0.718790 0.097176
vt 0.712310 0.179451
vt 0.255297 0.196956
vt 0.709458 0.322978
vt 0.307356 0.722020
vt 0.740259 0.292486
vt 0.368800 0.286346
vt 0.368800 0.370647
vt 0.174005 0.648639
vt 0.179159 0.628869
vt 0.273638 0.648617
vt 0.340263 0.736980
vt 0.038726 0.340762
vt 0.654036 0.818915
vt 0.222107 0.590140
vt 0.272499 0.590140
vt 0.261619 0.609098
vt 0.656476 0.294482
vt 0.765539 0.791273
vt 0.783033 0.790088
vt 0.800833 0.793845
vt 0.838277 0.800197
vt 0.477971 0.698442
vt 0.668642 0.145526
vt 0.304403 0.055101
vt 0.288801 0.033497
vt 0.299421 0.007281
vt 0.264849 0.006333
vt 0.740265 0.278453
vt 0.266888 0.232575
vt 0.300239 0.320261
vt 0.318053 0.323410
vt 0.318053 0.356597
vt 0.352329 0.287316
vt 0.684813 0.832064
vt 0.540799 0.600557
vt 0.633348 0.841741
vt 0.613662 0.840358
vt 0.610799 0.801950
vt 0.600509 0.330411
vt 0.765350 0.776496
vt 0.033962 0.492752
vt 0.009219 0.505810
vt 0.801824 0.780575
vt 0.821783 0.760215
vt 0.029066 0.565080
vt 0.660012 0.117286
vt 0.256247 0.037142
vt 0.721793 0.258280
vt 0.739888 0.259439
vt 0.283068 0.331293
vt 0.267176 0.340609
vt 0.266648 0.328952
vt 0.364434 0.788239
vt 0.341602 0.787547
vt 0.470340 0.620124
vt 0.554438 0.639630
vt 0.487686 0.639630
vt 0.179159 0.609098
vt 0.452762 0.822317
vt 0.455500 0.859415
vt 0.413635 0.820353
vt 0.784171 0.767663
vt 0.778179 0.270225
vt 0.759185 0.253950
vt 0.506848 0.726203
vt 0.484982 0.731971
vt 0.443152 0.690896
vt 0.677691 0.117906
vt 0.282766 0.067567
vt 0.271114 0.045573
vt 0.246502 0.007368
vt 0.007423 0.458060
vt 0.036030 0.441640
vt 0.056196 0.458060
vt 0.073599 0.472273
vt 0.250676 0.341579
vt 0.283504 0.313645
vt 0.708128 0.272113
vt 0.307222 0.766636
vt 0.321640 0.776047
vt 0.379210 0.729349
vt 0.382877 0.788277
vt 0.205290 0.574358
vt 0.382331 0.825513
vt 0.391348 0.808437
vt 0.547099 0.581914
vt 0.540799 0.620161
vt 0.655550 0.355798
vt 0.527860 0.720138
vt 0.739609 0.240983
vt 0.468074 0.726116
vt 0.446904 0.730743
vt 0.642284 0.116413
vt 0.649982 0.094780
vt 0.007423 0.490984
vt 0.073525 0.490920
vt 0.463957 0.000903
vt 0.459506 0.051585
vt 0.442371 0.018962
vt 0.683177 0.774109
vt 0.685801 0.799056
vt 0.648672 0.781039
vt 0.413897 0.802296
vt 0.657646 0.414959
vt 0.656553 0.476215
vt 0.186483 0.574848
vt 0.180673 0.596838
vt 0.154152 0.584835
vt 0.150472 0.566890
vt 0.188706 0.554974
vt 0.514327 0.375379
vt 0.515667 0.353928
vt 0.533264 0.363215
vt 0.533096 0.376029
vt 0.051765 0.612057
vt 0.099678 0.638809
vt 0.101350 0.655396
vt 0.569092 0.376753
vt 0.551164 0.365455
vt 0.588411 0.364568
vt 0.666850 0.099152
vt 0.266395 0.063180
vt 0.039980 0.425702
vt 0.056226 0.425593
vt 0.053207 0.441239
vt 0.422448 0.013234
vt 0.421090 0.049875
vt 0.401426 0.018077
vt 0.716630 0.241870
vt 0.546249 0.809655
vt 0.527201 0.805485
vt 0.546268 0.774013
vt 0.565021 0.804505
vt 0.785865 0.629346
vt 0.781150 0.647556
vt 0.759489 0.637617
vt 0.406208 0.712274
vt 0.442828 0.746726
vt 0.405678 0.735121
vt 0.387055 0.745842
vt 0.028630 0.593388
vt 0.101029 0.613593
vt 0.149603 0.530617
vt 0.168998 0.523454
vt 0.584444 0.804505
vt 0.565028 0.760442
vt 0.584454 0.753275
vt 0.030939 0.652117
vt 0.533979 0.335168
vt 0.569920 0.328511
vt 0.017883 0.771427
vt 0.014439 0.753313
vt 0.027347 0.753356
vt 0.440615 0.054668
vt 0.508051 0.783618
vt 0.526449 0.778155
vt 0.038497 0.747739
vt 0.018363 0.747470
vt 0.000613 0.739709
vt 0.003349 0.722861
vt 0.041789 0.713071
vt 0.451386 0.889498
vt 0.433865 0.871287
vt 0.446547 0.871391
vt 0.464270 0.870796
vt 0.761535 0.659248
vt 0.108861 0.437153
vt 0.127316 0.390850
vt 0.161930 0.422472
vt 0.158661 0.443684
vt 0.462691 0.426127
vt 0.486118 0.433679
vt 0.485745 0.472640
vt 0.125805 0.555369
vt 0.517405 0.326317
vt 0.552060 0.326112
vt 0.586875 0.351011
vt 0.587253 0.321708
vt 0.040519 0.821669
vt 0.026934 0.788481
vt 0.045635 0.788554
vt 0.583002 0.117537
vt 0.602830 0.113547
vt 0.621284 0.121981
vt 0.621284 0.143447
vt 0.045400 0.276650
vt 0.060148 0.291129
vt 0.045063 0.292616
vt 0.072565 0.441101
vt 0.387143 0.028347
vt 0.146136 0.752675
vt 0.165765 0.743830
vt 0.166664 0.760975
vt 0.060458 0.719820
vt 0.070046 0.742660
vt 0.458868 0.927915
vt 0.442674 0.927802
vt 0.454840 0.909093
vt 0.472560 0.909207
vt 0.661495 0.418335
vt 0.658735 0.404813
vt 0.660971 0.393584
vt 0.676401 0.471438
vt 0.480321 0.889968
vt 0.502291 0.445688
vt 0.443029 0.761486
vt 0.424736 0.770152
vt 0.405823 0.753013
vt 0.387658 0.761217
vt 0.125733 0.575224
vt 0.121950 0.537527
vt 0.032635 0.613925
vt 0.063449 0.771131
vt 0.639619 0.134340
vt 0.639607 0.155533
vt 0.075504 0.287270
vt 0.076224 0.306951
vt 0.091650 0.473915
vt 0.124860 0.749460
vt 0.145392 0.727880
vt 0.527104 0.759230
vt 0.010636 0.693087
vt 0.247975 0.859006
vt 0.227880 0.871218
vt 0.228001 0.856373
vt 0.267192 0.841942
vt 0.267631 0.858913
vt 0.809696 0.860742
vt 0.800290 0.881727
vt 0.789573 0.862345
vt 0.799539 0.841728
vt 0.819808 0.839704
vt 0.696305 0.459587
vt 0.304050 0.854729
vt 0.286801 0.881460
vt 0.285099 0.835011
vt 0.303000 0.825581
vt 0.496738 0.409551
vt 0.404605 0.773073
vt 0.565353 0.742696
vt 0.535545 0.304840
vt 0.565445 0.302514
vt 0.056033 0.753341
vt 0.073386 0.788404
vt 0.056150 0.824266
vt 0.070070 0.813797
vt 0.605643 0.163921
vt 0.092627 0.312227
vt 0.030087 0.297444
vt 0.044868 0.311697
vt 0.094287 0.457880
vt 0.459540 0.078411
vt 0.423310 0.086559
vt 0.507910 0.769962
vt 0.074323 0.698228
vt 0.044756 0.674843
vt 0.508298 0.745531
vt 0.526783 0.723258
vt 0.165561 0.711972
vt 0.227428 0.823084
vt 0.246475 0.821607
vt 0.809406 0.899518
vt 0.774995 0.901491
vt 0.774709 0.871308
vt 0.715381 0.436533
vt 0.715237 0.461833
vt 0.162753 0.402358
vt 0.176621 0.447576
vt 0.443534 0.784839
vt 0.424163 0.797215
vt 0.405479 0.793959
vt 0.443835 0.427773
vt 0.445771 0.400451
vt 0.462645 0.405923
vt 0.126208 0.593170
vt 0.114111 0.596838
vt 0.102018 0.581450
vt 0.013327 0.613753
vt 0.006294 0.594735
vt 0.519312 0.291951
vt 0.077696 0.736821
vt 0.080577 0.753758
vt 0.086375 0.771198
vt 0.074693 0.318168
vt 0.097203 0.490272
vt 0.105139 0.474062
vt 0.442149 0.088307
vt 0.124143 0.710970
vt 0.044030 0.661155
vt 0.072631 0.670125
vt 0.781563 0.843615
vt 0.268182 0.813454
vt 0.731875 0.455239
vt 0.728294 0.477762
vt 0.698938 0.481103
vt 0.162695 0.382588
vt 0.179326 0.418413
vt 0.443687 0.796367
vt 0.430069 0.409504
vt 0.428688 0.393885
vt 0.387246 0.792332
vt 0.500206 0.311900
vt 0.096675 0.545725
vt 0.090358 0.566269
vt 0.535996 0.287627
vt 0.000418 0.652988
vt 0.001305 0.635635
vt 0.001288 0.615343
vt 0.567189 0.287511
vt 0.587143 0.287525
vt 0.089951 0.788297
vt 0.089733 0.813689
vt 0.621319 0.176597
vt 0.639630 0.176597
vt 0.639630 0.189186
vt 0.106123 0.318483
vt 0.077998 0.328511
vt 0.058150 0.328267
vt 0.014973 0.325218
vt 0.030040 0.328385
vt 0.115989 0.489531
vt 0.442635 0.100608
vt 0.423819 0.104370
vt 0.103495 0.711365
vt 0.104563 0.699328
vt 0.120757 0.688589
vt 0.162544 0.695517
vt 0.564849 0.722619
vt 0.005005 0.679445
vt 0.020947 0.659009
vt 0.228016 0.808650
vt 0.245315 0.808952
vt 0.759707 0.900976
vt 0.759187 0.854544
vt 0.676003 0.487606
vt 0.186349 0.439820
vt 0.191379 0.415743
vt 0.197813 0.434965
vt 0.206078 0.443265
vt 0.719539 0.487606
vt 0.304050 0.803198
vt 0.183377 0.376173
vt 0.085191 0.693936
vt 0.086177 0.683808
vt 0.379499 0.198263
vt 0.369038 0.199881
vt 0.368634 0.181694
vt 0.497032 0.396360
vt 0.212468 0.774951
vt 0.212122 0.793228
vt 0.200751 0.795156
vt 0.188180 0.778994
vt 0.562799 0.008591
vt 0.579621 0.004534
vt 0.579739 0.019353
vt 0.215308 0.833572
vt 0.217934 0.848574
vt 0.198376 0.834205
vt 0.206473 0.813534
vt 0.858431 0.734907
vt 0.841911 0.741962
vt 0.836819 0.724985
vt 0.584408 0.722621
vt 0.561508 0.397439
vt 0.542598 0.411857
vt 0.541855 0.389593
vt 0.838765 0.390051
vt 0.842326 0.407363
vt 0.826476 0.407506
vt 0.786006 0.085704
vt 0.773374 0.093467
vt 0.766793 0.056822
vt 0.786006 0.056820
vt 0.463685 0.100884
vt 0.591820 0.737277
vt 0.592891 0.718159
vt 0.617015 0.701843
vt 0.611169 0.737314
vt 0.047244 0.000328
vt 0.057241 0.000765
vt 0.052573 0.017568
vt 0.000578 0.657602
vt 0.352523 0.550747
vt 0.362848 0.578866
vt 0.341482 0.569335
vt 0.346058 0.530324
vt 0.363645 0.529490
vt 0.047274 0.038136
vt 0.060832 0.035265
vt 0.070091 0.052111
vt 0.060265 0.067798
vt 0.689997 0.755445
vt 0.709701 0.753100
vt 0.713583 0.772460
vt 0.362810 0.607873
vt 0.338078 0.589863
vt 0.689645 0.716560
vt 0.691450 0.697825
vt 0.706045 0.716228
vt 0.606122 0.002240
vt 0.598357 0.040202
vt 0.560880 0.034745
vt 0.375120 0.233185
vt 0.355690 0.232849
vt 0.185125 0.815655
vt 0.824691 0.747512
vt 0.805772 0.748867
vt 0.815662 0.717772
vt 0.523199 0.392876
vt 0.524170 0.417422
vt 0.505480 0.414743
vt 0.819064 0.459177
vt 0.842063 0.476345
vt 0.816892 0.475977
vt 0.817148 0.424822
vt 0.842321 0.427319
vt 0.615278 0.774804
vt 0.380686 0.590745
vt 0.401546 0.573273
vt 0.421836 0.600081
vt 0.748269 0.075107
vt 0.785133 0.022684
vt 0.754456 0.038967
vt 0.768309 0.019905
vt 0.180295 0.668992
vt 0.183207 0.651792
vt 0.200639 0.667569
vt 0.198028 0.701844
vt 0.170571 0.689059
vt 0.176653 0.725792
vt 0.170571 0.707158
vt 0.204553 0.725789
vt 0.179430 0.744986
vt 0.147767 0.686229
vt 0.366771 0.154064
vt 0.350658 0.182080
vt 0.343933 0.164780
vt 0.344599 0.148258
vt 0.068577 0.018219
vt 0.058330 0.084632
vt 0.052663 0.100174
vt 0.075340 0.101058
vt 0.721038 0.734600
vt 0.709565 0.679893
vt 0.616478 0.025027
vt 0.616011 0.037927
vt 0.580792 0.040471
vt 0.173817 0.782795
vt 0.370941 0.249188
vt 0.350543 0.254783
vt 0.343333 0.199217
vt 0.542973 0.036079
vt 0.827720 0.693475
vt 0.868036 0.706670
vt 0.875814 0.729959
vt 0.857328 0.696766
vt 0.880618 0.688794
vt 0.803236 0.453204
vt 0.562204 0.430655
vt 0.525858 0.438597
vt 0.796073 0.425044
vt 0.794575 0.408221
vt 0.366829 0.576710
vt 0.397380 0.554955
vt 0.735690 0.043151
vt 0.760238 0.002399
vt 0.738682 0.019841
vt 0.632926 0.737392
vt 0.634080 0.773861
vt 0.114291 0.280437
vt 0.086427 0.286032
vt 0.100688 0.265550
vt 0.088373 0.042967
vt 0.325060 0.551078
vt 0.325504 0.532198
vt 0.315093 0.569758
vt 0.091985 0.069194
vt 0.737372 0.715981
vt 0.727370 0.764495
vt 0.065798 0.116849
vt 0.090357 0.127205
vt 0.337093 0.230842
vt 0.327669 0.182961
vt 0.162260 0.797497
vt 0.155271 0.778885
vt 0.617108 0.052515
vt 0.601242 0.063157
vt 0.580496 0.053820
vt 0.560931 0.074069
vt 0.543400 0.054596
vt 0.188162 0.848408
vt 0.505397 0.427636
vt 0.163015 0.849087
vt 0.157594 0.817742
vt 0.335767 0.265762
vt 0.842777 0.681566
vt 0.859649 0.678207
vt 0.580811 0.412371
vt 0.581220 0.431288
vt 0.544136 0.447578
vt 0.803881 0.391775
vt 0.427989 0.576289
vt 0.443115 0.586930
vt 0.444341 0.608099
vt 0.221133 0.670160
vt 0.243967 0.688681
vt 0.233425 0.706571
vt 0.128298 0.260517
vt 0.630705 0.713032
vt 0.647491 0.718687
vt 0.649491 0.755790
vt 0.312585 0.545119
vt 0.742173 0.753520
vt 0.742981 0.772177
vt 0.324972 0.607477
vt 0.308848 0.607790
vt 0.310936 0.589214
vt 0.111489 0.101193
vt 0.097426 0.117234
vt 0.733201 0.692088
vt 0.328024 0.199420
vt 0.580205 0.066101
vt 0.524882 0.453522
vt 0.149408 0.838256
vt 0.424850 0.435386
vt 0.392510 0.428952
vt 0.411439 0.419630
vt 0.421405 0.401340
vt 0.440443 0.423790
vt 0.821121 0.670848
vt 0.876815 0.676376
vt 0.303795 0.402165
vt 0.289445 0.426796
vt 0.278779 0.413050
vt 0.275447 0.389111
vt 0.562661 0.461166
vt 0.779255 0.425414
vt 0.779067 0.408521
vt 0.396063 0.536193
vt 0.408886 0.527500
vt 0.420519 0.538736
vt 0.698512 0.022989
vt 0.208579 0.651485
vt 0.234045 0.651557
vt 0.244935 0.670112
vt 0.221228 0.724577
vt 0.417985 0.334455
vt 0.409012 0.315820
vt 0.421440 0.324210
vt 0.325108 0.265759
vt 0.315930 0.250250
vt 0.650473 0.698700
vt 0.665810 0.736501
vt 0.148645 0.279750
vt 0.153915 0.255375
vt 0.262269 0.570310
vt 0.299195 0.551465
vt 0.104025 0.071390
vt 0.691235 0.282567
vt 0.676276 0.285669
vt 0.682314 0.259872
vt 0.698871 0.272118
vt 0.318070 0.202111
vt 0.392397 0.396757
vt 0.327107 0.233773
vt 0.316241 0.233601
vt 0.609836 0.082162
vt 0.600865 0.088542
vt 0.580427 0.081298
vt 0.139636 0.818915
vt 0.542638 0.081923
vt 0.544640 0.468049
vt 0.288594 0.378772
vt 0.246314 0.390776
vt 0.268176 0.367782
vt 0.447474 0.540615
vt 0.455452 0.557125
vt 0.458729 0.598390
vt 0.455278 0.578408
vt 0.723062 0.058066
vt 0.699097 0.040735
vt 0.246618 0.652039
vt 0.117822 0.241511
vt 0.673734 0.755514
vt 0.672324 0.774304
vt 0.658858 0.683969
vt 0.668463 0.718830
vt 0.263304 0.588620
vt 0.101989 0.053109
vt 0.180816 0.285517
vt 0.175723 0.260976
vt 0.113032 0.053635
vt 0.113886 0.070123
vt 0.699261 0.254360
vt 0.126423 0.116748
vt 0.521332 0.088133
vt 0.504949 0.099966
vt 0.499469 0.070123
vt 0.517276 0.064305
vt 0.538496 0.074032
vt 0.408621 0.386164
vt 0.127497 0.227933
vt 0.161780 0.246295
vt 0.458122 0.542693
vt 0.481212 0.535859
vt 0.465822 0.559482
vt 0.466454 0.096274
vt 0.463809 0.081252
vt 0.482433 0.081885
vt 0.438975 0.295116
vt 0.450633 0.277870
vt 0.461705 0.299399
vt 0.449221 0.321654
vt 0.429113 0.321943
vt 0.298642 0.232066
vt 0.308016 0.622553
vt 0.325909 0.620187
vt 0.325172 0.641662
vt 0.306141 0.647035
vt 0.277640 0.636864
vt 0.290892 0.619720
vt 0.581486 0.469778
vt 0.564021 0.484771
vt 0.261364 0.417373
vt 0.233492 0.408539
vt 0.397835 0.304309
vt 0.383053 0.302803
vt 0.387960 0.287216
vt 0.425913 0.305529
vt 0.681297 0.718548
vt 0.708294 0.228666
vt 0.681457 0.208659
vt 0.274130 0.607100
vt 0.390034 0.351821
vt 0.383804 0.340390
vt 0.390461 0.344797
vt 0.393229 0.358103
vt 0.387487 0.356973
vt 0.951679 0.022260
vt 0.956762 0.028465
vt 0.947350 0.030974
vt 0.944037 0.017881
vt 0.959350 0.016172
vt 0.323973 0.948212
vt 0.324294 0.955696
vt 0.317699 0.950146
vt 0.375098 0.356965
vt 0.373970 0.350875
vt 0.374921 0.337072
vt 0.316292 0.978197
vt 0.309636 0.964649
vt 0.399671 0.344164
vt 0.405400 0.353388
vt 0.940041 0.027897
vt 0.400398 0.335878
vt 0.948359 0.010749
vt 0.960053 0.008871
vt 0.125996 0.085741
vt 0.127320 0.101166
vt 0.956415 0.035803
vt 0.950737 0.048808
vt 0.939697 0.039579
vt 0.377135 0.329742
vt 0.988780 0.201624
vt 0.989108 0.208082
vt 0.967497 0.195941
vt 0.323947 0.977171
vt 0.668735 0.266347
vt 0.957648 0.051081
vt 0.399496 0.358103
vt 0.383117 0.324000
vt 0.395245 0.323912
vt 0.990962 0.214130
vt 0.981491 0.215969
vt 0.934511 0.018256
vt 0.298701 0.968213
vt 0.303708 0.949397
vt 0.307618 0.216795
vt 0.350532 0.440728
vt 0.360524 0.411445
vt 0.372344 0.436177
vt 0.460643 0.521306
vt 0.463430 0.499782
vt 0.484537 0.524015
vt 0.480909 0.069304
vt 0.966605 0.531535
vt 0.969625 0.535293
vt 0.965481 0.541157
vt 0.343851 0.644619
vt 0.526359 0.477028
vt 0.954328 0.060810
vt 0.948949 0.058972
vt 0.986449 0.539606
vt 0.969305 0.550529
vt 0.938267 0.046251
vt 0.988338 0.225659
vt 0.977893 0.230010
vt 0.295639 0.949536
vt 0.287166 0.953778
vt 0.289759 0.944114
vt 0.274741 0.618181
vt 0.275445 0.672687
vt 0.227522 0.424101
vt 0.237533 0.378258
vt 0.220362 0.368406
vt 0.256146 0.355632
vt 0.563705 0.604728
vt 0.583250 0.587097
vt 0.593086 0.603536
vt 0.607757 0.576092
vt 0.604731 0.601063
vt 0.347463 0.273777
vt 0.367439 0.275140
vt 0.359318 0.283055
vt 0.384911 0.315561
vt 0.370036 0.296679
vt 0.303821 0.269324
vt 0.295667 0.296564
vt 0.280366 0.269151
vt 0.287048 0.249147
vt 0.184752 0.246575
vt 0.967747 0.520765
vt 0.980026 0.534384
vt 0.929804 0.035186
vt 0.922642 0.031534
vt 0.925166 0.025875
vt 0.990085 0.232274
vt 0.307208 0.984091
vt 0.924385 0.562796
vt 0.944835 0.551852
vt 0.935314 0.574421
vt 0.290429 0.723948
vt 0.276670 0.740700
vt 0.273312 0.716661
vt 0.981217 0.551987
vt 0.962845 0.203131
vt 0.964351 0.211364
vt 0.959374 0.263317
vt 0.948403 0.272665
vt 0.949577 0.264285
vt 0.486685 0.995450
vt 0.484414 0.981253
vt 0.494522 0.981426
vt 0.499854 0.988454
vt 0.985428 0.525295
vt 0.955871 0.284866
vt 0.941522 0.283316
vt 0.940199 0.277090
vt 0.281443 0.941604
vt 0.374917 0.953060
vt 0.381148 0.943110
vt 0.388419 0.956430
vt 0.381699 0.961703
vt 0.211146 0.274571
vt 0.192635 0.269278
vt 0.200972 0.255061
vt 0.150899 0.211689
vt 0.138250 0.229726
vt 0.138250 0.210528
vt 0.298477 0.205085
vt 0.295934 0.169245
vt 0.310470 0.204919
vt 0.669654 0.247496
vt 0.671701 0.218573
vt 0.284587 0.979191
vt 0.387849 0.943081
vt 0.404451 0.943081
vt 0.398217 0.953182
vt 0.941238 0.297249
vt 0.948979 0.290413
vt 0.930030 0.299406
vt 0.930613 0.293019
vt 0.850712 0.096983
vt 0.859923 0.096256
vt 0.859924 0.107962
vt 0.850240 0.108646
vt 0.840222 0.104220
vt 0.297227 0.988355
vt 0.201489 0.013626
vt 0.223436 0.020463
vt 0.205450 0.034685
vt 0.659619 0.259509
vt 0.045044 0.084445
vt 0.045044 0.090089
vt 0.041205 0.089555
vt 0.961352 0.254217
vt 0.970143 0.262240
vt 0.474106 0.987899
vt 0.977136 0.240023
vt 0.990690 0.533558
vt 0.953061 0.295018
vt 0.950248 0.224002
vt 0.947910 0.214711
vt 0.183845 0.291999
vt 0.206283 0.283953
vt 0.197341 0.301320
vt 0.945156 0.204773
vt 0.432192 0.340051
vt 0.414269 0.346615
vt 0.328863 0.442561
vt 0.339712 0.416810
vt 0.285787 0.299730
vt 0.466831 0.058812
vt 0.515450 0.553863
vt 0.325122 0.668828
vt 0.969172 0.280948
vt 0.921787 0.368702
vt 0.925373 0.342121
vt 0.934431 0.364762
vt 0.306822 0.660012
vt 0.565459 0.577445
vt 0.575803 0.563499
vt 0.368569 0.259912
vt 0.392245 0.272992
vt 0.944755 0.195316
vt 0.870375 0.104179
vt 0.870964 0.116700
vt 0.869107 0.095246
vt 0.217577 0.385096
vt 0.233467 0.346340
vt 0.217664 0.351702
vt 0.074323 0.122717
vt 0.074225 0.134227
vt 0.057763 0.140669
vt 0.057703 0.120941
vt 0.385383 0.968842
vt 0.416601 0.291878
vt 0.407785 0.273135
vt 0.425831 0.268441
vt 0.079309 0.149302
vt 0.112909 0.144389
vt 0.112023 0.165609
vt 0.072796 0.168560
vt 0.254331 0.718638
vt 0.257662 0.749546
vt 0.237097 0.749486
vt 0.236588 0.722291
vt 0.952554 0.307622
vt 0.200415 0.956118
vt 0.190039 0.962419
vt 0.173100 0.947866
vt 0.198732 0.942995
vt 0.947712 0.581417
vt 0.924246 0.576533
vt 0.816919 0.899423
vt 0.815746 0.883005
vt 0.821930 0.888194
vt 0.810367 0.902716
vt 0.808175 0.890725
vt 0.498430 0.970491
vt 0.835013 0.892765
vt 0.844105 0.904906
vt 0.835681 0.906649
vt 0.469037 0.986002
vt 0.478928 0.966037
vt 0.878136 0.819700
vt 0.874864 0.802736
vt 0.889294 0.808370
vt 0.890798 0.817294
vt 0.964212 0.297442
vt 0.287472 0.230987
vt 0.304613 0.249782
vt 0.702343 0.207020
vt 0.696400 0.192004
vt 0.709449 0.195445
vt 0.929931 0.170975
vt 0.946558 0.170809
vt 0.936020 0.186146
vt 0.963712 0.240365
vt 0.211247 0.305301
vt 0.210116 0.294349
vt 0.860036 0.123313
vt 0.352347 0.395112
vt 0.368440 0.392639
vt 0.400319 0.376267
vt 0.381943 0.381566
vt 0.393855 0.370346
vt 0.949181 0.235697
vt 0.657402 0.241595
vt 0.416258 0.945215
vt 0.420404 0.956664
vt 0.235714 0.037241
vt 0.404488 0.965850
vt 0.387089 0.984281
vt 0.382675 0.978020
vt 0.494583 0.042363
vt 0.511919 0.034935
vt 0.529812 0.030606
vt 0.944460 0.137987
vt 0.951295 0.149106
vt 0.937005 0.145305
vt 0.936580 0.153475
vt 0.961299 0.156922
vt 0.501879 0.503585
vt 0.508296 0.520359
vt 0.941116 0.350725
vt 0.941101 0.341539
vt 0.824662 0.912601
vt 0.811033 0.913977
vt 0.472063 0.973734
vt 0.092683 0.184718
vt 0.111163 0.186413
vt 0.452560 0.343415
vt 0.552544 0.587149
vt 0.970875 0.289915
vt 0.968513 0.305234
vt 0.964028 0.304933
vt 0.609129 0.545625
vt 0.584666 0.545827
vt 0.864646 0.808132
vt 0.881556 0.793478
vt 0.506463 0.882093
vt 0.491443 0.876078
vt 0.504687 0.865296
vt 0.524401 0.866133
vt 0.221011 0.291530
vt 0.277250 0.243303
vt 0.218613 0.741126
vt 0.909511 0.371844
vt 0.892480 0.357585
vt 0.912839 0.344925
vt 0.213477 0.413092
vt 0.213017 0.399900
vt 0.396012 0.262831
vt 0.871607 0.136609
vt 0.859149 0.137875
vt 0.847700 0.135397
vt 0.085584 0.031531
vt 0.077912 0.022432
vt 0.085584 0.017693
vt 0.289352 0.760014
vt 0.174790 0.928272
vt 0.162494 0.936693
vt 0.162190 0.918833
vt 0.490505 0.864778
vt 0.485213 0.855354
vt 0.497091 0.846645
vt 0.276716 0.298127
vt 0.266653 0.253955
vt 0.960141 0.569136
vt 0.964287 0.587477
vt 0.935074 0.596119
vt 0.192204 0.974037
vt 0.172123 0.972560
vt 0.173022 0.964893
vt 0.432311 0.357184
vt 0.414876 0.361289
vt 0.338305 0.407822
vt 0.963696 0.165892
vt 0.834830 0.928411
vt 0.820808 0.942609
vt 0.853353 0.899358
vt 0.859259 0.907378
vt 0.859105 0.919371
vt 0.847259 0.920448
vt 0.395479 0.985258
vt 0.895403 0.786755
vt 0.879658 0.775285
vt 0.516565 0.891879
vt 0.521744 0.881433
vt 0.228990 0.290161
vt 0.230412 0.300874
vt 0.369869 0.382470
vt 0.946998 0.191627
vt 0.930352 0.193152
vt 0.928567 0.188297
vt 0.473203 0.956931
vt 0.474098 0.949141
vt 0.310488 0.189114
vt 0.206489 0.046896
vt 0.268627 0.302679
vt 0.269819 0.281669
vt 0.189294 0.038715
vt 0.160864 0.959691
vt 0.491454 0.487914
vt 0.476941 0.045309
vt 0.473992 0.027668
vt 0.491816 0.027464
vt 0.626699 0.982512
vt 0.640724 0.969685
vt 0.643345 0.977141
vt 0.636622 0.988724
vt 0.648005 0.984687
vt 0.389564 0.365392
vt 0.373351 0.373692
vt 0.264313 0.277647
vt 0.325108 0.682255
vt 0.307596 0.691364
vt 0.816180 0.246271
vt 0.830167 0.250080
vt 0.817109 0.263797
vt 0.802748 0.272087
vt 0.794629 0.260134
vt 0.864157 0.793553
vt 0.865410 0.775684
vt 0.290634 0.692013
vt 0.236358 0.885511
vt 0.223567 0.895231
vt 0.226887 0.876891
vt 0.905392 0.522533
vt 0.900277 0.534000
vt 0.889800 0.520743
vt 0.559657 0.557853
vt 0.588500 0.521239
vt 0.185959 0.978108
vt 0.176247 0.979716
vt 0.515595 0.840995
vt 0.524443 0.853982
vt 0.235633 0.289514
vt 0.242670 0.300769
vt 0.870185 0.149323
vt 0.858672 0.149812
vt 0.255339 0.767717
vt 0.220580 0.776934
vt 0.219942 0.754012
vt 0.197504 0.915034
vt 0.194812 0.889975
vt 0.218828 0.912808
vt 0.780232 0.975288
vt 0.768735 0.968987
vt 0.783020 0.968263
vt 0.794958 0.972784
vt 0.846758 0.931841
vt 0.413693 0.256697
vt 0.398306 0.365209
vt 0.424141 0.365072
vt 0.398914 0.370540
vt 0.958485 0.475181
vt 0.948909 0.484909
vt 0.943286 0.462004
vt 0.937235 0.475646
vt 0.941685 0.487796
vt 0.962424 0.181526
vt 0.959640 0.185943
vt 0.277720 0.179358
vt 0.265195 0.163745
vt 0.276431 0.159709
vt 0.252514 0.033785
vt 0.243631 0.052067
vt 0.451720 0.354221
vt 0.924334 0.587038
vt 0.271784 0.773295
vt 0.529457 0.879679
vt 0.947260 0.603043
vt 0.847061 0.149342
vt 0.869824 0.156486
vt 0.855986 0.171966
vt 0.855374 0.158089
vt 0.248658 0.297993
vt 0.870306 0.175114
vt 0.361618 0.376322
vt 0.349226 0.383061
vt 0.718411 0.502957
vt 0.727274 0.504691
vt 0.724131 0.518450
vt 0.714475 0.514176
vt 0.883437 0.762556
vt 0.896384 0.760013
vt 0.823671 0.282223
vt 0.618465 0.970161
vt 0.636655 0.962876
vt 0.258985 0.150219
vt 0.276989 0.153273
vt 0.296538 0.154882
vt 0.245781 0.140952
vt 0.295710 0.146991
vt 0.659219 0.210259
vt 0.666333 0.196469
vt 0.535853 0.865872
vt 0.543343 0.879550
vt 0.537492 0.890817
vt 0.654378 0.962398
vt 0.857793 0.788487
vt 0.612901 0.962810
vt 0.623073 0.956612
vt 0.616085 0.946512
vt 0.646845 0.941252
vt 0.795925 0.954188
vt 0.789452 0.942739
vt 0.803311 0.935310
vt 0.336589 0.984378
vt 0.330300 0.954614
vt 0.345119 0.964467
vt 0.351203 0.977704
vt 0.338404 0.995203
vt 0.352323 0.998486
vt 0.363700 0.995535
vt 0.208725 0.058453
vt 0.193976 0.063819
vt 0.191502 0.049377
vt 0.433161 0.369311
vt 0.415443 0.372474
vt 0.622404 0.933363
vt 0.610506 0.943706
vt 0.506362 0.008039
vt 0.523755 0.000851
vt 0.542785 0.007654
vt 0.944932 0.327498
vt 0.931116 0.325570
vt 0.529871 0.536066
vt 0.524521 0.513634
vt 0.775984 0.951203
vt 0.658267 0.959063
vt 0.673661 0.961500
vt 0.660895 0.965577
vt 0.791296 0.280509
vt 0.549542 0.865154
vt 0.247025 0.275336
vt 0.965573 0.477847
vt 0.965803 0.453621
vt 0.975211 0.463592
vt 0.175742 0.110346
vt 0.182430 0.099856
vt 0.182374 0.120492
vt 0.764200 0.973857
vt 0.807141 0.285015
vt 0.899107 0.339563
vt 0.909028 0.332145
vt 0.920796 0.329807
vt 0.275305 0.699917
vt 0.198741 0.871454
vt 0.210191 0.861155
vt 0.553914 0.539042
vt 0.568403 0.521746
vt 0.806255 0.941567
vt 0.675281 0.589082
vt 0.679691 0.610124
vt 0.662332 0.606773
vt 0.388385 0.239478
vt 0.402964 0.237131
vt 0.695242 0.506347
vt 0.704801 0.498232
vt 0.705258 0.526158
vt 0.875949 0.756176
vt 0.652316 0.954820
vt 0.643687 0.933363
vt 0.270983 0.136244
vt 0.243444 0.128219
vt 0.490807 0.174566
vt 0.483119 0.164435
vt 0.493212 0.158262
vt 0.507093 0.162960
vt 0.523536 0.166051
vt 0.497699 0.185956
vt 0.254172 0.785644
vt 0.677317 0.505275
vt 0.683757 0.495522
vt 0.121182 0.189506
vt 0.130272 0.170122
vt 0.127939 0.191651
vt 0.450714 0.361475
vt 0.935553 0.611558
vt 0.449646 0.367541
vt 0.986472 0.893546
vt 0.970225 0.896383
vt 0.971733 0.869589
vt 0.971906 0.605565
vt 0.734224 0.505037
vt 0.328087 0.970382
vt 0.328623 0.960978
vt 0.505714 0.831588
vt 0.492694 0.824676
vt 0.502267 0.818705
vt 0.520093 0.810895
vt 0.528502 0.831114
vt 0.533548 0.852759
vt 0.540555 0.838154
vt 0.542428 0.852717
vt 0.247952 0.059744
vt 0.294653 0.127222
vt 0.303611 0.133909
vt 0.757962 0.951322
vt 0.763971 0.934392
vt 0.888659 0.751513
vt 0.992369 0.717496
vt 0.983433 0.723465
vt 0.989325 0.705849
vt 0.370702 0.979355
vt 0.642310 0.229652
vt 0.641601 0.209065
vt 0.487311 0.005663
vt 0.537614 0.488241
vt 0.546608 0.505504
vt 0.950847 0.456378
vt 0.948765 0.445594
vt 0.958273 0.440669
vt 0.827879 0.944984
vt 0.281377 0.121536
vt 0.257817 0.123395
vt 0.314748 0.149340
vt 0.313069 0.139427
vt 0.556804 0.557118
vt 0.551407 0.539702
vt 0.682220 0.975053
vt 0.678642 0.968707
vt 0.694727 0.975094
vt 0.812225 0.294340
vt 0.140618 0.195943
vt 0.133652 0.193365
vt 0.138288 0.173369
vt 0.149390 0.164319
vt 0.153457 0.184509
vt 0.459152 0.385720
vt 0.430771 0.383053
vt 0.949994 0.310947
vt 0.659360 0.933576
vt 0.659900 0.940460
vt 0.848620 0.771047
vt 0.855023 0.758270
vt 0.861961 0.764347
vt 0.198426 0.417220
vt 0.495392 0.140801
vt 0.507825 0.147879
vt 0.184455 0.899553
vt 0.419972 0.241034
vt 0.121306 0.123148
vt 0.134603 0.120716
vt 0.140682 0.152670
vt 0.868468 0.751229
vt 0.305518 0.770074
vt 0.280920 0.794271
vt 0.787981 0.925521
vt 0.793548 0.928953
vt 0.707353 0.854705
vt 0.705489 0.839968
vt 0.716410 0.841310
vt 0.687883 0.528871
vt 0.300247 0.102788
vt 0.305941 0.106814
vt 0.977136 0.690568
vt 0.992906 0.689033
vt 0.373868 0.960732
vt 0.647135 0.196782
vt 0.003402 0.153174
vt 0.001838 0.131380
vt 0.025068 0.154840
vt 0.819628 0.076362
vt 0.812719 0.068175
vt 0.826634 0.064412
vt 0.970887 0.723460
vt 0.954261 0.718320
vt 0.971081 0.705567
vt 0.682472 0.946696
vt 0.663770 0.944448
vt 0.696982 0.955975
vt 0.704945 0.968829
vt 0.937235 0.451204
vt 0.214699 0.080298
vt 0.510058 0.480100
vt 0.786405 0.660869
vt 0.802576 0.674334
vt 0.793980 0.694477
vt 0.809426 0.709487
vt 0.798395 0.712928
vt 0.806541 0.692208
vt 0.465538 0.101338
vt 0.487204 0.108110
vt 0.472573 0.118006
vt 0.824861 0.294656
vt 0.828181 0.304116
vt 0.804436 0.311376
vt 0.179422 0.192567
vt 0.175280 0.180395
vt 0.186789 0.160553
vt 0.189404 0.171694
vt 0.192422 0.185079
vt 0.255496 0.065388
vt 0.261814 0.073217
vt 0.243190 0.075566
vt 0.904178 0.317497
vt 0.914598 0.314359
vt 0.925215 0.311037
vt 0.480400 0.133069
vt 0.499010 0.125973
vt 0.855774 0.563500
vt 0.902568 0.556431
vt 0.883134 0.580602
vt 0.857801 0.574778
vt 0.685091 0.630057
vt 0.661396 0.640068
vt 0.801988 0.300500
vt 0.684604 0.836859
vt 0.702845 0.821435
vt 0.715670 0.822433
vt 0.544287 0.181112
vt 0.516879 0.188723
vt 0.191225 0.860163
vt 0.201742 0.849510
vt 0.783002 0.428447
vt 0.784268 0.441405
vt 0.767680 0.438780
vt 0.768041 0.423846
vt 0.267153 0.100484
vt 0.254148 0.103601
vt 0.260369 0.091107
vt 0.536045 0.823152
vt 0.252969 0.806241
vt 0.221248 0.805227
vt 0.773443 0.925207
vt 0.782105 0.921215
vt 0.648659 0.597032
vt 0.649935 0.635219
vt 0.641005 0.622321
vt 0.403311 0.220773
vt 0.162388 0.187427
vt 0.165317 0.154464
vt 0.167915 0.174462
vt 0.228467 0.093503
vt 0.208412 0.098204
vt 0.195452 0.082741
vt 0.425203 0.220361
vt 0.157312 0.118253
vt 0.157073 0.141643
vt 0.304914 0.793772
vt 0.875463 0.585904
vt 0.888986 0.592815
vt 0.882545 0.605072
vt 0.131782 0.299442
vt 0.151895 0.297362
vt 0.137640 0.325830
vt 0.954259 0.703942
vt 0.963740 0.689047
vt 0.363549 0.956119
vt 0.352185 0.953728
vt 0.947818 0.709739
vt 0.962776 0.726735
vt 0.917208 0.614530
vt 0.890502 0.621069
vt 0.911991 0.597672
vt 0.677321 0.927477
vt 0.696910 0.921853
vt 0.705266 0.948963
vt 0.693471 0.573205
vt 0.804196 0.061618
vt 0.812675 0.052855
vt 0.801547 0.074493
vt 0.633763 0.198610
vt 0.773274 0.696797
vt 0.764129 0.670372
vt 0.874792 0.864527
vt 0.862579 0.868204
vt 0.847050 0.836285
vt 0.877246 0.829501
vt 0.630999 0.217942
vt 0.936274 0.307367
vt 0.792414 0.746647
vt 0.774090 0.716491
vt 0.182754 0.147404
vt 0.246522 0.091760
vt 0.168345 0.125890
vt 0.837093 0.076842
vt 0.827750 0.096916
vt 0.815703 0.093767
vt 0.192042 0.841186
vt 0.903040 0.571909
vt 0.074072 0.252249
vt 0.074072 0.236174
vt 0.081080 0.246129
vt 0.893731 0.320995
vt 0.525003 0.139920
vt 0.779689 0.463758
vt 0.765938 0.467979
vt 0.778921 0.447716
vt 0.745539 0.458415
vt 0.825124 0.320421
vt 0.812565 0.328824
vt 0.689478 0.817851
vt 0.716708 0.808729
vt 0.974385 0.681868
vt 0.786380 0.469378
vt 0.780873 0.491564
vt 0.768782 0.482644
vt 0.677735 0.564171
vt 0.675459 0.546007
vt 0.270871 0.806295
vt 0.728413 0.847972
vt 0.742029 0.832131
vt 0.745755 0.854150
vt 0.875463 0.614240
vt 0.798204 0.034230
vt 0.810377 0.033587
vt 0.825625 0.036433
vt 0.692289 0.914405
vt 0.789597 0.051200
vt 0.323818 0.435332
vt 0.312091 0.428167
vt 0.331076 0.415927
vt 0.031248 0.141618
vt 0.026729 0.117662
vt 0.044835 0.134134
vt 0.316198 0.456363
vt 0.879552 0.881330
vt 0.855081 0.885122
vt 0.850457 0.870150
vt 0.863334 0.814378
vt 0.833538 0.834814
vt 0.841883 0.804711
vt 0.236841 0.110343
vt 0.388789 0.609407
vt 0.403249 0.617043
vt 0.396073 0.631710
vt 0.382110 0.623935
vt 0.776472 0.748942
vt 0.523898 0.105590
vt 0.539339 0.138171
vt 0.679719 0.584451
vt 0.248900 0.116920
vt 0.232720 0.124435
vt 0.551320 0.153360
vt 0.563545 0.168693
vt 0.905132 0.596950
vt 0.686754 0.664551
vt 0.687826 0.689179
vt 0.678591 0.679302
vt 0.664791 0.665788
vt 0.755528 0.474617
vt 0.649390 0.654384
vt 0.432941 0.629352
vt 0.443687 0.643165
vt 0.436196 0.655287
vt 0.423475 0.646966
vt 0.405648 0.645832
vt 0.417293 0.626000
vt 0.764660 0.495830
vt 0.817343 0.018951
vt 0.834931 0.033787
vt 0.840709 0.052643
vt 0.732377 0.814702
vt 0.748150 0.820442
vt 0.161019 0.321515
vt 0.156435 0.342618
vt 0.144884 0.351991
vt 0.124204 0.337089
vt 0.863050 0.396917
vt 0.867117 0.417310
vt 0.850286 0.409753
vt 0.888642 0.399466
vt 0.755212 0.845757
vt 0.756642 0.829114
vt 0.763503 0.835529
vt 0.189554 0.123629
vt 0.689990 0.797456
vt 0.713769 0.786607
vt 0.709521 0.797586
vt 0.831069 0.328527
vt 0.628377 0.625722
vt 0.632561 0.646000
vt 0.623155 0.642634
vt 0.612935 0.640385
vt 0.616344 0.623048
vt 0.618247 0.603913
vt 0.896181 0.638630
vt 0.881783 0.638760
vt 0.172271 0.294579
vt 0.182069 0.305207
vt 0.752768 0.677003
vt 0.746264 0.658019
vt 0.829362 0.869840
vt 0.748576 0.226256
vt 0.772875 0.214717
vt 0.763695 0.225779
vt 0.772860 0.238531
vt 0.055179 0.123928
vt 0.762664 0.734627
vt 0.759763 0.708614
vt 0.618891 0.194097
vt 0.014346 0.104861
vt 0.537262 0.115880
vt 0.550552 0.131170
vt 0.561226 0.146345
vt 0.019586 0.037777
vt 0.012958 0.006852
vt 0.035671 0.016408
vt 0.006010 0.030956
vt 0.189294 0.113247
vt 0.205875 0.116618
vt 0.008118 0.093163
vt 0.003498 0.079138
vt 0.021275 0.073067
vt 0.025924 0.084550
vt 0.030813 0.094779
vt 0.374076 0.646344
vt 0.809227 0.114925
vt 0.849397 0.028415
vt 0.947151 0.680640
vt 0.744683 0.503014
vt 0.752241 0.515705
vt 0.740153 0.520082
vt 0.790502 0.500960
vt 0.772439 0.513694
vt 0.635065 0.665450
vt 0.601987 0.638474
vt 0.604460 0.612598
vt 0.131377 0.360613
vt 0.882904 0.419699
vt 0.859565 0.434951
vt 0.852033 0.394694
vt 0.847876 0.388633
vt 0.870058 0.375719
vt 0.885763 0.385299
vt 0.761823 0.805725
vt 0.754201 0.789263
vt 0.219058 0.119310
vt 0.186372 0.320616
vt 0.626071 0.662031
vt 0.616807 0.658612
vt 0.746775 0.705748
vt 0.330985 0.469859
vt 0.316286 0.479723
vt 0.885114 0.659900
vt 0.877176 0.653147
vt 0.863968 0.595691
vt 0.865068 0.614422
vt 0.837708 0.599013
vt 0.851462 0.586453
vt 0.699034 0.773802
vt 0.731340 0.778896
vt 0.739370 0.791512
vt 0.362901 0.628920
vt 0.748817 0.721836
vt 0.750649 0.485421
vt 0.734914 0.478795
vt 0.552218 0.114537
vt 0.565895 0.116613
vt 0.037739 0.104792
vt 0.028663 0.041419
vt 0.024346 0.048130
vt 0.002368 0.048338
vt 0.836118 0.108424
vt 0.831551 0.125590
vt 0.796005 0.130321
vt 0.838167 0.014164
vt 0.808666 0.006492
vt 0.829948 0.009783
vt 0.244573 0.886179
vt 0.272170 0.905275
vt 0.240580 0.896319
vt 0.409107 0.669103
vt 0.391370 0.668860
vt 0.789839 0.007702
vt 0.856608 0.375450
vt 0.737144 0.801154
vt 0.177985 0.360420
vt 0.162001 0.365986
vt 0.441265 0.673573
vt 0.413798 0.688131
vt 0.793210 0.517309
vt 0.809872 0.531020
vt 0.800687 0.542300
vt 0.776048 0.540285
vt 0.779321 0.522412
vt 0.816584 0.877394
vt 0.816523 0.863390
vt 0.245379 0.919582
vt 0.255764 0.909791
vt 0.258434 0.919289
vt 0.259213 0.928334
vt 0.618325 0.676714
vt 0.817461 0.572798
vt 0.780346 0.576207
vt 0.869875 0.631418
vt 0.866722 0.647439
vt 0.842769 0.632684
vt 0.198680 0.329181
vt 0.187708 0.351608
vt 0.729238 0.470274
vt 0.044958 0.026216
vt 0.030213 0.056571
vt 0.000965 0.063726
vt 0.440283 0.937566
vt 0.426564 0.943117
vt 0.423553 0.923822
vt 0.455999 0.946647
vt 0.431316 0.959031
vt 0.796682 0.215983
vt 0.795684 0.244747
vt 0.858918 0.015604
vt 0.862600 0.005638
vt 0.362761 0.658155
vt 0.804927 0.603595
vt 0.790891 0.600569
vt 0.817556 0.588242
vt 0.830690 0.139004
vt 0.812579 0.139988
vt 0.886286 0.067647
vt 0.870795 0.051379
vt 0.877066 0.034173
vt 0.894265 0.050185
vt 0.605196 0.975636
vt 0.588219 0.990977
vt 0.585289 0.969068
vt 0.782664 0.126546
vt 0.798861 0.091062
vt 0.886441 0.368665
vt 0.895315 0.373221
vt 0.209194 0.936273
vt 0.207266 0.919881
vt 0.231459 0.941458
vt 0.222530 0.952424
vt 0.205246 0.945096
vt 0.387198 0.686772
vt 0.234938 0.930663
vt 0.607656 0.657114
vt 0.601987 0.671294
vt 0.743596 0.773094
vt 0.756376 0.779016
vt 0.855753 0.658887
vt 0.845214 0.648059
vt 0.634448 0.682971
vt 0.272793 0.919883
vt 0.773137 0.202944
vt 0.767587 0.191180
vt 0.784346 0.194355
vt 0.797675 0.206554
vt 0.790149 0.174738
vt 0.796851 0.167793
vt 0.804053 0.178588
vt 0.801338 0.187969
vt 0.772288 0.179796
vt 0.454493 0.962531
vt 0.452621 0.972389
vt 0.445647 0.981771
vt 0.458766 0.981968
vt 0.767959 0.588527
vt 0.816551 0.168745
vt 0.821550 0.184658
vt 0.813743 0.178852
vt 0.803456 0.167818
vt 0.209160 0.319171
vt 0.218465 0.332072
vt 0.204623 0.343246
vt 0.744084 0.542294
vt 0.719256 0.547343
vt 0.727755 0.524282
vt 0.799197 0.196988
vt 0.262499 0.954941
vt 0.261920 0.945188
vt 0.277122 0.953441
vt 0.904377 0.046166
vt 0.911431 0.060663
vt 0.852176 0.002358
vt 0.832080 0.155233
vt 0.836660 0.365986
vt 0.827917 0.358815
vt 0.839507 0.344303
vt 0.857231 0.348923
vt 0.353290 0.682763
vt 0.790205 0.143103
vt 0.780324 0.139630
vt 0.597577 0.949973
vt 0.866976 0.074078
vt 0.861155 0.050745
vt 0.202700 0.130031
vt 0.196723 0.147984
vt 0.193447 0.140063
vt 0.952992 0.925794
vt 0.964778 0.905909
vt 0.968039 0.925912
vt 0.205712 0.958401
vt 0.810134 0.221738
vt 0.833856 0.661157
vt 0.281869 0.926759
vt 0.267927 0.936702
vt 0.611086 0.673891
vt 0.764810 0.564616
vt 0.763892 0.544706
vt 0.405539 0.700440
vt 0.276745 0.944672
vt 0.826579 0.647122
vt 0.818257 0.623726
vt 0.454713 0.931018
vt 0.462983 0.931077
vt 0.463868 0.948128
vt 0.277757 0.886865
vt 0.287013 0.893851
vt 0.287257 0.908699
vt 0.810658 0.206953
vt 0.216130 0.352017
vt 0.201062 0.364642
vt 0.316341 0.527750
vt 0.305402 0.536612
vt 0.286116 0.534251
vt 0.312325 0.514202
vt 0.812477 0.596984
vt 0.821148 0.586453
vt 0.828378 0.341033
vt 0.839324 0.328983
vt 0.812336 0.194213
vt 0.348090 0.666115
vt 0.888936 0.031758
vt 0.964513 0.934404
vt 0.225263 0.962924
vt 0.221361 0.975224
vt 0.241204 0.943926
vt 0.915262 0.909154
vt 0.906959 0.918404
vt 0.897626 0.918906
vt 0.897520 0.899195
vt 0.915530 0.899785
vt 0.821287 0.196680
vt 0.802170 0.162376
vt 0.796464 0.158446
vt 0.912285 0.853126
vt 0.905998 0.868632
vt 0.905913 0.844805
vt 0.882560 0.910279
vt 0.751768 0.543861
vt 0.937284 0.269210
vt 0.930179 0.258932
vt 0.947848 0.253736
vt 0.810844 0.235638
vt 0.821806 0.223428
vt 0.822720 0.231977
vt 0.366723 0.692223
vt 0.751946 0.576257
vt 0.050628 0.166664
vt 0.040524 0.150038
vt 0.051801 0.155810
vt 0.752415 0.554670
vt 0.739690 0.558961
vt 0.752241 0.552954
vt 0.749309 0.564070
vt 0.719988 0.554534
vt 0.874399 0.120551
vt 0.886090 0.118205
vt 0.885338 0.131259
vt 0.299545 0.893721
vt 0.810164 0.615261
vt 0.829042 0.322912
vt 0.837050 0.314225
vt 0.284057 0.515401
vt 0.288132 0.500610
vt 0.054053 0.252249
vt 0.048773 0.239458
vt 0.054053 0.233996
vt 0.883772 0.164151
vt 0.875827 0.166894
vt 0.903626 0.146661
vt 0.233498 0.970763
vt 0.900305 0.030690
vt 0.109306 0.943534
vt 0.119368 0.951184
vt 0.105098 0.955463
vt 0.096995 0.948609
vt 0.095543 0.935530
vt 0.822018 0.211821
vt 0.885608 0.897386
vt 0.859395 0.334754
vt 0.873656 0.343672
vt 0.868378 0.355579
vt 0.218465 0.365847
vt 0.584569 0.946100
vt 0.228333 0.500989
vt 0.256199 0.512782
vt 0.239443 0.524947
vt 0.764431 0.601273
vt 0.751768 0.588460
vt 0.937779 0.246148
vt 0.893573 0.852025
vt 0.890027 0.873667
vt 0.881608 0.857561
vt 0.093257 0.918204
vt 0.095199 0.904272
vt 0.108107 0.914701
vt 0.100698 0.922019
vt 0.875439 0.896221
vt 0.915347 0.272519
vt 0.907615 0.259290
vt 0.912725 0.236996
vt 0.874994 0.145297
vt 0.893880 0.141298
vt 0.881828 0.150759
vt 0.288362 0.916746
vt 0.811259 0.633594
vt 0.830725 0.306533
vt 0.836395 0.290625
vt 0.856043 0.305902
vt 0.878220 0.102468
vt 0.886644 0.106860
vt 0.901034 0.113777
vt 0.899757 0.125125
vt 0.894532 0.892405
vt 0.907085 0.889706
vt 0.261551 0.499472
vt 0.249526 0.535637
vt 0.910094 0.876748
vt 0.894219 0.885453
vt 0.870716 0.016270
vt 0.897822 0.017934
vt 0.745629 0.584335
vt 0.735565 0.579257
vt 0.051653 0.142838
vt 0.863110 0.322275
vt 0.877757 0.331674
vt 0.295807 0.546222
vt 0.279614 0.547407
vt 0.564915 0.950760
vt 0.079434 0.863456
vt 0.084244 0.875290
vt 0.068527 0.874918
vt 0.863335 0.030773
vt 0.714796 0.982219
vt 0.702954 0.983892
vt 0.707618 0.971227
vt 0.817815 0.654870
vt 0.724723 0.570287
vt 0.079416 0.912780
vt 0.879643 0.870879
vt 0.878774 0.890868
vt 0.914401 0.146780
vt 0.101016 0.965470
vt 0.094032 0.958894
vt 0.063213 0.973509
vt 0.064845 0.959874
vt 0.078176 0.957845
vt 0.080385 0.973651
vt 0.091777 0.944418
vt 0.096882 0.895354
vt 0.103550 0.895026
vt 0.940183 0.232634
vt 0.943301 0.243841
vt 0.268849 0.541047
vt 0.869191 0.300015
vt 0.875040 0.306104
vt 0.709835 0.959095
vt 0.712039 0.946575
vt 0.714379 0.966636
vt 0.086368 0.949906
vt 0.089928 0.969747
vt 0.900346 0.134676
vt 0.094657 0.970956
vt 0.880517 0.885676
vt 0.263366 0.554038
vt 0.724691 0.977334
vt 0.860191 0.023770
vt 0.079162 0.903050
vt 0.095135 0.890600
vt 0.054207 0.154726
vt 0.067567 0.148050
vt 0.052433 0.166132
vt 0.015891 0.294341
vt 0.007465 0.270357
vt 0.024749 0.276604
vt 0.082524 0.884780
vt 0.848724 0.293155
vt 0.859784 0.289213
vt 0.059566 0.934759
vt 0.071670 0.936931
vt 0.087795 0.930275
vt 0.571100 0.947397
vt 0.881109 0.009808
vt 0.886034 0.005316
vt 0.090047 0.888955
vt 0.095692 0.878875
vt 0.077105 0.892688
vt 0.068475 0.919082
vt 0.037541 0.279349
vt 0.029048 0.267017
vt 0.046108 0.262585
vt 0.916554 0.218983
vt 0.941777 0.224296
vt 0.241112 0.544836
vt 0.725186 0.963780
vt 0.063977 0.928447
vt 0.056584 0.892580
vt 0.063603 0.897701
vt 0.075800 0.929198
vt 0.063037 0.913752
vt 0.717948 0.941878
vt 0.067567 0.171169
vt 0.011699 0.260391
vt 0.214143 0.532478
vt 0.230254 0.549590
vt 0.220071 0.544613
vt 0.936826 0.210752
vt 0.874980 0.289892
vt 0.730008 0.983078
vt 0.725499 0.987796
vt 0.867340 0.007585
vt 0.053735 0.912876
vt 0.247443 0.559084
vt 0.742106 0.592018
vt 0.750251 0.595712
vt 0.734568 0.586292
vt 0.030723 0.250887
vt 0.724305 0.942420
vt 0.729853 0.951817
vt 0.012753 0.249167
vt 0.799538 0.630622
vt 0.788903 0.619046
vt 0.798235 0.606564
vt 0.753512 0.959167
vt 0.750451 0.977655
vt 0.745126 0.944076
vt 0.920055 0.209725
vt 0.933909 0.204379
vt 0.734667 0.949061
vt 0.738326 0.931516
vt 0.059613 0.922776
vt 0.730396 0.940342
vt 0.067282 0.925206
vt 0.739051 0.982372
vt 0.232409 0.558643
vt 0.215087 0.552061
vt 0.986982 0.382087
vt 0.989800 0.365244
vt 0.989654 0.379505
vt 0.992434 0.355396
vt 0.981954 0.364786
vt 0.041857 0.252512
vt 0.970504 0.362060
vt 0.968064 0.376556
vt 0.975042 0.384260
vt 0.994583 0.546246
s 1
usemtl Material.001
f 2/1/1 3/2/2 4/3/3
f 1/4/4 34/5/5 4/6/3
f 1/4/4 59/7/6 68/8/7
f 3/9/2 10/10/8 12/11/9
f 3/9/2 12/11/9 4/12/3
f 68/8/7 34/5/5 1/4/4
f 1/13/4 73/14/10 59/15/6
f 73/14/10 1/13/4 4/16/3
f 45/17/11 12/18/9 10/19/8
f 45/17/11 46/20/12 12/18/9
f 12/21/9 46/22/12 4/23/3
f 73/24/10 64/25/13 59/26/6
f 100/27/14 59/28/6 65/29/15
f 100/30/14 68/31/7 59/32/6
f 4/33/3 46/34/12 76/35/16
f 4/36/3 76/37/16 73/38/10
f 65/29/15 99/39/17 100/27/14
f 76/37/16 111/40/18 77/41/19
f 76/37/16 77/41/19 73/38/10
f 79/42/20 46/43/12 78/44/21
f 108/45/22 65/29/15 59/28/6
f 108/46/22 59/26/6 64/25/13
f 46/34/12 106/47/23 76/35/16
f 77/48/19 104/49/24 84/50/25
f 64/25/13 73/24/10 77/51/19
f 64/25/13 77/51/19 85/52/26
f 77/51/19 84/53/25 85/52/26
f 76/35/16 106/47/23 111/54/18
f 85/55/26 108/56/22 64/57/13
f 99/39/17 65/29/15 166/58/27
f 111/54/18 145/59/28 104/60/24
f 46/61/12 79/62/20 117/63/29
f 46/61/12 117/63/29 106/64/23
f 106/65/23 170/66/30 111/67/18
f 65/68/15 180/69/31 382/70/32
f 65/68/15 382/70/32 166/71/27
f 85/72/26 94/73/33 120/74/34
f 170/66/30 106/65/23 117/75/29
f 170/66/30 162/76/35 145/77/28
f 170/66/30 145/77/28 111/67/18
f 149/78/36 79/79/20 146/80/37
f 65/81/15 108/82/22 180/83/31
f 108/84/22 85/72/26 157/85/38
f 175/86/39 180/83/31 108/82/22
f 157/85/38 120/74/34 184/87/40
f 157/85/38 175/88/39 108/84/22
f 170/89/30 190/90/41 162/91/35
f 149/78/36 117/92/29 79/79/20
f 117/93/29 233/94/42 170/95/30
f 180/96/31 212/97/43 224/98/44
f 117/99/29 149/100/36 221/101/45
f 157/102/38 184/103/40 194/104/46
f 185/105/47 186/106/48 149/107/36
f 216/108/49 117/99/29 308/109/50
f 233/94/42 117/93/29 216/110/49
f 233/94/42 219/111/51 190/112/41
f 233/94/42 190/112/41 170/95/30
f 175/113/39 157/102/38 194/114/46
f 221/101/45 308/109/50 117/99/29
f 149/107/36 186/106/48 406/115/52
f 149/107/36 406/115/52 221/116/45
f 180/117/31 175/118/39 212/119/43
f 194/120/46 209/121/53 226/122/54
f 194/120/46 226/122/54 175/118/39
f 233/123/42 251/124/55 219/125/51
f 224/98/44 212/97/43 293/126/56
f 212/119/43 175/118/39 297/127/57
f 175/118/39 226/122/54 274/128/58
f 226/122/54 209/121/53 262/129/59
f 226/122/54 262/129/59 229/130/60
f 226/122/54 229/130/60 274/128/58
f 216/131/49 247/132/61 281/133/62
f 216/131/49 281/133/62 233/123/42
f 212/134/43 297/135/57 293/136/56
f 406/137/52 244/138/63 221/139/45
f 308/140/50 247/141/61 216/142/49
f 281/143/62 268/144/64 251/145/55
f 281/133/62 251/124/55 233/123/42
f 274/128/58 297/127/57 175/118/39
f 229/146/60 262/147/59 290/148/65
f 281/149/62 421/150/66 268/151/64
f 247/152/61 304/153/67 269/154/68
f 274/155/58 229/156/60 272/157/69
f 304/158/67 247/159/61 308/160/50
f 269/154/68 272/161/69 247/152/61
f 272/162/69 290/163/65 420/164/70
f 272/165/69 420/166/70 281/167/62
f 281/168/62 247/152/61 272/161/69
f 274/155/58 269/169/68 319/170/71
f 272/157/69 269/169/68 274/155/58
f 297/135/57 315/171/72 293/136/56
f 269/154/68 304/153/67 320/172/73
f 274/173/58 319/174/71 297/175/57
f 320/176/73 319/170/71 269/169/68
f 244/177/63 306/178/74 308/179/50
f 313/180/75 297/175/57 319/174/71
f 313/180/75 315/181/72 297/175/57
f 304/182/67 308/179/50 306/178/74
f 304/183/67 306/184/74 326/185/76
f 319/186/71 320/187/73 324/188/77
f 324/189/77 322/190/78 319/174/71
f 320/191/73 443/192/79 324/193/77
f 326/185/76 328/194/80 304/183/67
f 320/191/73 304/195/67 328/196/80
f 320/191/73 328/196/80 443/192/79
f 2/197/1 4/198/3 34/199/5
f 2/197/1 34/199/5 333/200/81
f 2/197/1 333/200/81 448/201/82
f 3/9/2 450/202/83 332/203/84
f 34/5/5 452/204/85 333/205/81
f 10/10/8 332/203/84 454/206/86
f 10/19/8 454/207/86 334/208/87
f 10/19/8 334/208/87 45/17/11
f 68/31/7 339/209/88 336/210/89
f 78/211/21 46/212/12 45/213/11
f 78/211/21 45/213/11 334/214/87
f 78/215/21 334/216/87 459/217/90
f 78/215/21 459/217/90 338/218/91
f 100/27/14 365/219/92 462/220/93
f 100/27/14 462/220/93 339/221/88
f 104/222/24 77/41/19 111/40/18
f 104/222/24 350/223/94 341/224/95
f 84/225/25 344/226/96 355/227/97
f 341/228/95 84/50/25 104/49/24
f 341/228/95 346/229/98 347/230/99
f 344/226/96 84/225/25 341/231/95
f 344/226/96 341/231/95 347/232/99
f 344/226/96 347/232/99 348/233/100
f 104/234/24 359/235/101 351/236/102
f 104/234/24 351/236/102 350/237/94
f 94/238/33 85/52/26 84/53/25
f 94/238/33 84/53/25 355/239/97
f 94/238/33 355/239/97 353/240/103
f 146/241/37 79/242/20 78/215/21
f 146/241/37 78/215/21 338/218/91
f 146/241/37 338/218/91 464/243/104
f 146/241/37 464/243/104 357/244/105
f 359/245/101 104/60/24 145/59/28
f 359/246/101 145/77/28 366/247/106
f 145/77/28 500/248/107 366/247/106
f 353/249/103 361/250/108 363/251/109
f 166/58/27 468/252/110 365/219/92
f 166/58/27 365/219/92 99/39/17
f 500/248/107 145/77/28 162/76/35
f 371/253/111 94/254/33 353/249/103
f 371/255/111 353/256/103 363/257/109
f 371/253/111 120/258/34 94/254/33
f 120/74/34 157/85/38 85/72/26
f 370/259/112 162/91/35 190/90/41
f 370/259/112 190/90/41 376/260/113
f 370/261/112 376/262/113 373/263/114
f 377/264/115 120/74/34 371/265/111
f 377/264/115 371/265/111 517/266/116
f 377/264/115 184/87/40 120/74/34
f 190/90/41 399/267/117 376/260/113
f 185/268/47 149/78/36 146/80/37
f 185/268/47 146/80/37 357/269/105
f 185/268/47 357/269/105 470/270/118
f 382/271/32 180/96/31 224/98/44
f 382/271/32 224/98/44 473/272/119
f 377/273/115 385/274/120 396/275/121
f 377/273/115 396/275/121 184/103/40
f 219/111/51 397/276/122 399/277/117
f 219/111/51 399/277/117 190/112/41
f 396/275/121 194/104/46 184/103/40
f 397/276/122 219/111/51 251/278/55
f 397/279/122 251/280/55 407/281/123
f 397/279/122 407/281/123 408/282/124
f 400/283/125 194/284/46 396/285/121
f 400/286/125 209/287/53 194/288/46
f 209/287/53 400/286/125 475/289/126
f 209/287/53 475/289/126 402/290/127
f 209/287/53 402/290/127 403/291/128
f 209/287/53 403/291/128 262/292/59
f 186/293/48 404/294/129 406/137/52
f 407/281/123 506/295/130 408/282/124
f 262/147/59 403/296/128 410/297/131
f 268/144/64 414/298/132 415/299/133
f 268/144/64 415/299/133 407/300/123
f 268/144/64 407/300/123 251/145/55
f 293/301/56 479/302/134 480/303/135
f 293/126/56 480/304/135 224/98/44
f 410/297/131 508/305/136 417/306/137
f 410/297/131 417/306/137 262/147/59
f 421/307/66 422/308/138 414/309/132
f 421/310/66 414/298/132 268/144/64
f 417/306/137 508/305/136 419/311/139
f 417/312/137 419/313/139 420/164/70
f 417/312/137 420/164/70 290/163/65
f 417/306/137 290/148/65 262/147/59
f 290/163/65 272/162/69 229/314/60
f 421/307/66 281/167/62 420/166/70
f 421/307/66 420/166/70 422/308/138
f 422/315/138 420/164/70 428/316/140
f 422/315/138 428/316/140 476/317/141
f 422/308/138 476/318/141 431/319/142
f 244/138/63 308/320/50 221/139/45
f 244/138/63 433/321/143 434/322/144
f 315/323/72 484/324/145 437/325/146
f 313/180/75 319/174/71 322/190/78
f 313/180/75 322/190/78 438/326/147
f 313/180/75 438/326/147 439/327/148
f 328/196/80 599/328/149 440/329/150
f 328/196/80 440/329/150 441/330/151
f 328/196/80 441/330/151 443/192/79
f 324/188/77 443/331/79 445/332/152
f 333/200/81 528/333/153 529/334/154
f 333/200/81 529/334/154 448/201/82
f 450/335/83 3/2/2 2/1/1
f 450/335/83 2/1/1 448/336/82
f 450/335/83 448/336/82 523/337/155
f 452/204/85 34/5/5 68/338/7
f 452/339/85 68/31/7 336/210/89
f 452/339/85 336/210/89 630/340/156
f 452/204/85 528/341/153 333/205/81
f 332/203/84 10/10/8 3/9/2
f 332/203/84 531/342/157 454/343/86
f 339/209/88 68/31/7 100/344/14
f 339/209/88 462/345/93 539/346/158
f 339/209/88 539/346/158 457/347/159
f 339/209/88 457/347/159 336/210/89
f 334/208/87 535/348/160 459/349/90
f 365/219/92 100/27/14 99/39/17
f 365/219/92 460/350/161 544/351/162
f 365/219/92 544/351/162 462/220/93
f 338/218/91 541/352/163 464/243/104
f 346/229/98 341/228/95 350/353/94
f 346/229/98 350/353/94 496/354/164
f 346/229/98 496/354/164 549/355/165
f 348/233/100 355/227/97 344/226/96
f 348/356/100 465/357/166 355/358/97
f 361/359/108 353/360/103 355/358/97
f 361/359/108 355/358/97 466/361/167
f 361/362/108 466/363/167 467/364/168
f 363/257/109 467/365/168 515/366/169
f 363/257/109 515/366/169 371/255/111
f 166/367/27 382/368/32 383/369/170
f 166/367/27 383/369/170 468/370/110
f 357/371/105 469/372/171 470/373/118
f 517/374/116 371/255/111 515/366/169
f 517/375/116 471/376/172 377/273/115
f 385/274/120 377/273/115 471/376/172
f 385/274/120 471/376/172 472/377/173
f 473/272/119 224/98/44 480/304/135
f 404/378/129 186/106/48 185/105/47
f 404/378/129 185/105/47 470/379/118
f 404/378/129 470/379/118 474/380/174
f 400/283/125 396/285/121 385/381/120
f 400/283/125 385/381/120 472/382/173
f 400/286/125 472/383/173 475/289/126
f 428/316/140 420/164/70 419/313/139
f 428/316/140 419/313/139 476/317/141
f 479/302/134 293/301/56 315/384/72
f 479/385/134 315/323/72 437/325/146
f 433/321/143 244/138/63 406/137/52
f 433/321/143 406/137/52 566/386/175
f 433/321/143 566/386/175 567/387/176
f 484/388/145 315/181/72 313/180/75
f 484/388/145 313/180/75 439/327/148
f 484/388/145 439/327/148 595/389/177
f 485/390/178 244/177/63 434/391/144
f 485/390/178 434/391/144 569/392/179
f 485/390/178 487/393/180 306/178/74
f 485/390/178 306/178/74 244/177/63
f 488/394/181 306/184/74 487/395/180
f 488/394/181 599/396/149 326/185/76
f 488/394/181 326/185/76 306/184/74
f 322/397/78 324/188/77 445/332/152
f 322/397/78 445/332/152 600/398/182
f 322/397/78 600/398/182 601/399/183
f 322/190/78 601/400/183 491/401/184
f 322/190/78 491/401/184 438/326/147
f 599/396/149 328/194/80 326/185/76
f 443/192/79 441/330/151 492/402/185
f 443/331/79 492/403/185 494/404/186
f 443/331/79 494/404/186 445/332/152
f 351/236/102 359/235/101 498/405/187
f 351/236/102 498/405/187 496/406/164
f 366/407/106 557/408/188 498/405/187
f 366/407/106 498/405/187 359/235/101
f 500/248/107 162/76/35 370/261/112
f 500/248/107 370/261/112 373/263/114
f 500/248/107 373/263/114 571/409/189
f 376/260/113 399/267/117 501/410/190
f 376/260/113 501/410/190 503/411/191
f 408/412/124 505/413/192 397/276/122
f 506/414/130 407/300/123 415/299/133
f 506/414/130 415/299/133 564/415/193
f 508/305/136 410/297/131 403/296/128
f 509/416/194 414/298/132 422/417/138
f 509/416/194 510/418/195 414/298/132
f 422/308/138 431/319/142 509/419/194
f 466/361/167 355/358/97 465/357/166
f 466/361/167 465/357/166 512/420/196
f 467/365/168 363/257/109 361/421/108
f 467/365/168 513/422/197 662/423/198
f 467/365/168 662/423/198 515/366/169
f 515/366/169 516/424/199 517/425/116
f 471/376/172 519/426/200 472/377/173
f 472/382/173 519/427/200 609/428/201
f 403/296/128 521/429/202 508/305/136
f 476/430/141 419/311/139 508/305/136
f 476/430/141 508/305/136 521/429/202
f 476/317/141 521/431/202 622/432/203
f 523/433/155 448/434/82 529/435/154
f 523/433/155 526/436/204 450/437/83
f 332/203/84 450/202/83 625/438/205
f 332/203/84 625/438/205 626/439/206
f 332/203/84 626/439/206 531/342/157
f 630/340/156 336/210/89 457/347/159
f 630/340/156 533/440/207 452/339/85
f 535/348/160 334/208/87 454/207/86
f 535/348/160 454/207/86 531/441/157
f 535/348/160 536/442/208 459/349/90
f 462/443/93 537/444/209 539/445/158
f 338/218/91 459/217/90 631/446/210
f 338/218/91 631/446/210 633/447/211
f 338/218/91 633/447/211 541/352/163
f 460/350/161 365/219/92 468/252/110
f 460/448/161 468/370/110 543/449/212
f 460/350/161 543/450/212 544/351/162
f 545/451/213 347/230/99 346/229/98
f 545/451/213 346/229/98 549/355/165
f 496/354/164 350/353/94 351/452/102
f 348/233/100 347/232/99 545/453/213
f 348/233/100 545/453/213 547/454/214
f 348/233/100 547/454/214 551/455/215
f 498/405/187 558/456/216 496/406/164
f 469/372/171 357/371/105 464/457/104
f 469/372/171 464/457/104 541/458/163
f 469/372/171 541/458/163 636/459/217
f 469/372/171 636/459/217 555/460/218
f 557/461/188 366/247/106 500/248/107
f 557/461/188 500/248/107 571/409/189
f 557/408/188 558/456/216 498/405/187
f 474/380/174 470/379/118 555/462/218
f 474/380/174 555/462/218 644/463/219
f 474/380/174 644/463/219 562/464/220
f 505/465/192 408/282/124 506/295/130
f 505/465/192 506/295/130 565/466/221
f 564/415/193 415/299/133 414/298/132
f 564/415/193 414/298/132 510/418/195
f 564/467/193 565/468/221 506/469/130
f 566/386/175 406/137/52 404/294/129
f 566/386/175 404/294/129 474/470/174
f 566/386/175 474/470/174 773/471/222
f 569/472/179 434/473/144 433/474/143
f 569/472/179 433/474/143 567/475/176
f 569/472/179 567/475/176 656/476/223
f 569/392/179 570/477/224 485/390/178
f 373/263/114 376/262/113 503/478/191
f 373/263/114 503/478/191 571/409/189
f 383/479/170 382/480/32 473/481/119
f 383/479/170 473/481/119 667/482/225
f 383/369/170 667/483/225 669/484/226
f 383/369/170 669/484/226 574/485/227
f 501/410/190 399/267/117 504/486/228
f 501/410/190 504/486/228 577/487/229
f 501/410/190 577/487/229 576/488/230
f 504/489/228 399/277/117 397/276/122
f 504/489/228 397/276/122 505/413/192
f 504/489/228 505/413/192 645/490/231
f 504/491/228 645/492/231 577/493/229
f 402/290/127 475/289/126 578/494/232
f 402/290/127 578/494/232 580/495/233
f 402/290/127 580/495/233 403/291/128
f 480/304/135 581/496/234 582/497/235
f 480/304/135 582/497/235 473/272/119
f 509/419/194 431/319/142 584/498/236
f 509/419/194 584/498/236 585/499/237
f 431/319/142 476/318/141 587/500/238
f 587/501/238 476/317/141 622/432/203
f 437/325/146 484/324/145 695/502/239
f 437/325/146 695/502/239 696/503/240
f 437/504/146 696/505/240 589/506/241
f 437/504/146 589/506/241 479/302/134
f 439/327/148 438/326/147 491/401/184
f 439/327/148 491/401/184 698/507/242
f 439/327/148 698/507/242 595/389/177
f 488/394/181 487/395/180 819/508/243
f 488/394/181 819/508/243 596/509/244
f 488/394/181 596/509/244 597/510/245
f 488/394/181 597/510/245 599/396/149
f 600/398/182 445/332/152 494/404/186
f 602/511/246 441/330/151 440/329/150
f 602/511/246 440/329/150 599/328/149
f 513/512/197 467/364/168 466/363/167
f 513/512/197 466/363/167 512/513/196
f 513/512/197 512/513/196 604/514/247
f 513/422/197 604/515/247 662/423/198
f 515/366/169 662/423/198 516/424/199
f 471/516/172 517/517/116 516/518/199
f 471/376/172 516/519/199 519/426/200
f 565/468/221 611/520/248 612/521/249
f 547/454/214 613/522/250 551/455/215
f 465/357/166 348/356/100 551/523/215
f 465/357/166 551/523/215 614/524/251
f 465/357/166 614/524/251 512/420/196
f 571/525/189 665/526/252 708/527/253
f 571/525/189 708/527/253 557/408/188
f 578/494/232 475/289/126 472/383/173
f 578/494/232 472/383/173 618/528/254
f 578/494/232 618/528/254 621/529/255
f 529/334/154 949/530/256 742/531/257
f 529/435/154 742/532/257 624/533/258
f 529/435/154 624/533/258 523/433/155
f 625/438/205 450/202/83 526/534/204
f 625/535/205 526/436/204 947/536/259
f 747/537/260 528/333/153 452/538/85
f 747/537/260 452/538/85 533/539/207
f 747/537/260 628/540/261 528/333/153
f 531/441/157 748/541/262 749/542/263
f 531/441/157 749/542/263 629/543/264
f 531/441/157 629/543/264 535/348/160
f 457/347/159 539/346/158 751/544/265
f 457/347/159 751/544/265 753/545/266
f 457/347/159 753/545/266 630/340/156
f 631/446/210 459/217/90 536/546/208
f 537/547/209 462/220/93 544/351/162
f 537/547/209 544/351/162 785/548/267
f 537/547/209 785/548/267 786/549/268
f 537/444/209 786/550/268 634/551/269
f 541/352/163 756/552/270 757/553/271
f 541/458/163 757/554/271 636/459/217
f 549/555/165 721/556/272 638/557/273
f 549/355/165 638/558/273 545/451/213
f 496/406/164 558/456/216 641/559/274
f 496/406/164 641/559/274 549/560/165
f 558/456/216 640/561/275 641/559/274
f 555/460/218 470/373/118 469/372/171
f 555/462/218 958/562/276 644/463/219
f 645/490/231 505/413/192 565/563/221
f 645/492/231 565/468/221 612/521/249
f 611/520/248 565/468/221 564/564/193
f 611/565/248 564/415/193 646/566/277
f 611/520/248 646/567/277 647/568/278
f 611/520/248 647/568/278 648/569/279
f 510/418/195 509/416/194 585/570/237
f 510/418/195 585/570/237 649/571/280
f 510/418/195 649/571/280 651/572/281
f 510/418/195 651/572/281 646/566/277
f 510/418/195 646/566/277 564/415/193
f 773/573/222 474/380/174 562/464/220
f 773/471/222 652/574/282 566/386/175
f 584/498/236 431/319/142 587/500/238
f 584/498/236 587/500/238 693/575/283
f 584/498/236 693/575/283 654/576/284
f 656/476/223 567/577/176 781/578/285
f 656/476/223 658/579/286 569/472/179
f 543/449/212 468/370/110 383/369/170
f 543/449/212 383/369/170 574/485/227
f 543/449/212 574/485/227 827/580/287
f 543/581/212 827/582/287 661/583/288
f 543/584/212 661/585/288 544/586/162
f 662/423/198 604/515/247 676/587/289
f 503/411/191 501/410/190 576/488/230
f 503/411/191 576/488/230 728/588/290
f 503/478/191 728/589/290 665/590/252
f 503/478/191 665/590/252 571/409/189
f 577/487/229 729/591/291 576/488/230
f 667/592/225 473/272/119 582/497/235
f 581/593/234 480/303/135 479/302/134
f 581/593/234 479/302/134 589/506/241
f 581/593/234 589/506/241 868/594/292
f 581/593/234 868/594/292 670/595/293
f 819/596/243 487/393/180 485/390/178
f 819/596/243 485/390/178 570/477/224
f 819/596/243 570/477/224 967/597/294
f 819/508/243 673/598/295 596/509/244
f 602/511/246 599/328/149 597/599/245
f 602/511/246 597/599/245 1150/600/296
f 602/511/246 1150/600/296 674/601/297
f 602/511/246 674/601/297 441/330/151
f 512/420/196 614/524/251 707/602/298
f 512/513/196 707/603/298 676/604/289
f 512/513/196 676/604/289 604/514/247
f 516/424/199 662/423/198 663/605/299
f 516/518/199 663/606/299 677/607/300
f 519/426/200 677/608/300 609/609/201
f 618/610/254 472/382/173 609/428/201
f 618/610/254 609/428/201 677/611/300
f 618/610/254 677/611/300 944/612/301
f 618/610/254 944/612/301 681/613/302
f 647/614/278 646/566/277 651/572/281
f 647/615/278 651/616/281 684/617/303
f 647/615/278 684/617/303 685/618/304
f 647/568/278 685/619/304 686/620/305
f 649/571/280 585/570/237 584/621/236
f 649/622/280 584/498/236 654/576/284
f 649/622/280 654/576/284 715/623/306
f 649/571/280 715/624/306 688/625/307
f 649/571/280 688/625/307 651/572/281
f 521/429/202 403/296/128 580/626/233
f 521/429/202 580/626/233 621/627/255
f 521/429/202 621/627/255 690/628/308
f 622/629/203 690/630/308 693/631/283
f 622/629/203 693/631/283 587/632/238
f 695/502/239 484/324/145 595/633/177
f 695/634/239 595/389/177 869/635/309
f 491/401/184 601/400/183 873/636/310
f 491/401/184 873/636/310 874/637/311
f 491/401/184 874/637/311 698/507/242
f 494/404/186 492/403/185 976/638/312
f 494/404/186 976/638/312 875/639/313
f 494/404/186 875/639/313 700/640/314
f 494/404/186 700/640/314 600/398/182
f 492/402/185 441/330/151 674/601/297
f 492/402/185 674/601/297 976/641/312
f 613/642/250 547/643/214 545/451/213
f 613/642/250 545/451/213 638/558/273
f 613/642/250 638/558/273 703/644/315
f 614/524/251 551/523/215 613/645/250
f 614/524/251 613/645/250 703/646/315
f 614/524/251 703/646/315 707/602/298
f 665/647/252 792/648/316 708/649/253
f 612/521/249 770/650/317 710/651/318
f 612/521/249 710/651/318 645/492/231
f 684/652/303 651/572/281 688/625/307
f 684/652/303 688/625/307 711/653/319
f 684/617/303 711/654/319 713/655/320
f 684/617/303 713/655/320 714/656/321
f 684/617/303 714/656/321 685/618/304
f 715/623/306 733/657/322 716/658/323
f 715/623/306 716/658/323 711/659/319
f 715/624/306 711/653/319 688/625/307
f 713/660/320 711/661/319 716/662/323
f 713/655/320 716/663/323 717/664/324
f 713/655/320 717/664/324 731/665/325
f 713/655/320 731/665/325 719/666/326
f 713/655/320 719/666/326 714/656/321
f 721/556/272 549/555/165 641/667/274
f 721/556/272 641/667/274 723/668/327
f 641/559/274 825/669/328 723/670/327
f 640/561/275 558/456/216 557/408/188
f 640/561/275 557/408/188 708/527/253
f 640/561/275 708/527/253 726/671/329
f 640/561/275 726/671/329 641/559/274
f 728/588/290 576/488/230 729/591/291
f 728/588/290 729/591/291 730/672/330
f 729/673/291 577/493/229 645/492/231
f 729/673/291 645/492/231 710/651/318
f 731/665/325 732/674/331 719/666/326
f 733/657/322 736/675/332 717/676/324
f 733/657/322 717/676/324 716/658/323
f 736/675/332 733/657/322 735/677/333
f 736/678/332 737/679/334 731/665/325
f 736/678/332 731/665/325 717/664/324
f 621/529/255 580/495/233 578/494/232
f 621/627/255 681/680/302 775/681/335
f 621/627/255 775/681/335 690/628/308
f 693/575/283 735/677/333 733/657/322
f 693/575/283 733/657/322 715/623/306
f 693/575/283 715/623/306 654/576/284
f 949/530/256 529/334/154 528/333/153
f 949/530/256 528/333/153 628/540/261
f 947/536/259 526/436/204 523/433/155
f 947/536/259 523/433/155 624/533/258
f 947/536/259 744/682/336 625/535/205
f 533/440/207 630/340/156 950/683/337
f 533/440/207 950/683/337 951/684/338
f 533/685/207 951/686/338 747/687/260
f 748/688/262 531/342/157 626/439/206
f 748/688/262 626/439/206 988/689/339
f 751/544/265 539/346/158 537/690/209
f 751/691/265 537/444/209 634/551/269
f 536/442/208 535/348/160 629/543/264
f 536/442/208 629/543/264 755/692/340
f 536/546/208 755/693/340 631/446/210
f 756/552/270 541/352/163 633/447/211
f 756/552/270 633/447/211 954/694/341
f 676/604/289 759/695/342 662/696/198
f 958/697/276 555/460/218 636/459/217
f 958/697/276 636/459/217 957/698/343
f 677/608/300 519/426/200 516/519/199
f 677/607/300 763/699/344 929/700/345
f 710/651/318 766/701/346 729/673/291
f 677/611/300 929/702/345 944/612/301
f 770/650/317 612/521/249 611/520/248
f 770/650/317 611/520/248 648/569/279
f 770/650/317 648/569/279 686/620/305
f 562/464/220 644/463/219 996/703/347
f 562/464/220 996/703/347 962/704/348
f 562/464/220 962/704/348 773/573/222
f 735/705/333 776/706/349 736/707/332
f 735/705/333 775/708/335 776/706/349
f 737/709/334 736/707/332 776/706/349
f 737/709/334 776/706/349 780/710/350
f 737/709/334 780/710/350 807/711/351
f 737/679/334 807/712/351 777/713/352
f 776/706/349 775/708/335 778/714/353
f 776/706/349 778/714/353 780/710/350
f 781/715/285 567/387/176 566/386/175
f 781/715/285 566/386/175 652/574/282
f 781/578/285 783/716/354 656/476/223
f 785/548/267 544/351/162 661/717/288
f 703/646/315 820/718/355 876/719/356
f 708/649/253 792/648/316 726/720/329
f 792/648/316 665/647/252 728/721/290
f 792/648/316 728/721/290 795/722/357
f 730/723/330 800/724/358 795/722/357
f 795/722/357 728/721/290 730/723/330
f 795/722/357 799/725/359 792/648/316
f 800/726/358 730/727/330 729/673/291
f 800/726/358 729/673/291 766/701/346
f 800/724/358 799/725/359 795/722/357
f 766/701/346 710/651/318 770/650/317
f 766/701/346 770/650/317 804/728/360
f 766/729/346 804/730/360 800/731/358
f 686/620/305 648/569/279 647/568/278
f 686/620/305 714/732/321 804/728/360
f 686/620/305 804/728/360 770/650/317
f 780/733/350 778/734/353 815/735/361
f 780/733/350 815/735/361 865/736/362
f 780/733/350 865/736/362 807/737/351
f 807/738/351 809/739/363 810/740/364
f 681/741/302 621/529/255 618/528/254
f 775/742/335 681/741/302 814/743/365
f 775/744/335 814/745/365 778/746/353
f 814/747/365 863/748/366 815/735/361
f 814/747/365 815/735/361 778/734/353
f 690/628/308 622/749/203 521/429/202
f 690/630/308 775/708/335 735/705/333
f 967/597/294 570/477/224 569/392/179
f 967/597/294 569/392/179 658/750/286
f 703/751/315 638/557/273 721/556/272
f 703/751/315 721/556/272 820/752/355
f 723/668/327 825/753/328 823/754/367
f 825/669/328 641/559/274 726/671/329
f 574/485/227 669/484/226 1115/755/368
f 574/756/227 1115/757/368 972/758/369
f 574/756/227 972/758/369 827/582/287
f 763/759/344 663/605/299 662/423/198
f 763/759/344 662/423/198 759/760/342
f 763/761/344 759/695/342 907/762/370
f 792/648/316 832/763/371 726/720/329
f 832/764/371 799/765/359 831/766/372
f 832/763/371 792/648/316 799/725/359
f 799/767/359 800/768/358 831/766/372
f 831/766/372 897/769/373 832/764/371
f 831/766/372 800/768/358 840/770/374
f 831/766/372 840/770/374 844/771/375
f 831/766/372 844/771/375 842/772/376
f 831/766/372 842/772/376 897/769/373
f 844/771/375 846/773/377 842/772/376
f 840/774/374 856/775/378 844/776/375
f 858/777/379 800/731/358 804/730/360
f 858/777/379 840/774/374 800/731/358
f 856/778/378 846/773/377 844/771/375
f 853/779/380 855/780/381 856/781/378
f 853/782/380 856/775/378 840/774/374
f 858/777/379 732/783/331 853/782/380
f 858/777/379 853/782/380 840/774/374
f 732/784/331 858/785/379 719/786/326
f 732/783/331 855/787/381 853/782/380
f 714/732/321 686/620/305 685/619/304
f 714/732/321 858/785/379 804/728/360
f 858/785/379 714/732/321 719/786/326
f 582/497/235 581/496/234 670/788/293
f 582/789/235 670/790/293 861/791/382
f 582/792/235 861/793/382 1154/794/383
f 582/792/235 1154/794/383 667/795/225
f 863/748/366 864/796/384 865/736/362
f 863/748/366 865/736/362 815/735/361
f 865/736/362 928/797/385 935/798/386
f 732/674/331 731/665/325 737/679/334
f 732/674/331 737/679/334 777/713/352
f 732/674/331 777/713/352 855/780/381
f 681/741/302 944/799/301 814/743/365
f 589/506/241 696/505/240 1016/800/387
f 589/506/241 1016/800/387 980/801/388
f 589/506/241 980/801/388 868/594/292
f 869/635/309 595/389/177 698/507/242
f 869/635/309 698/507/242 984/802/389
f 869/803/309 870/804/390 695/502/239
f 873/805/310 601/399/183 600/398/182
f 873/805/310 600/398/182 700/640/314
f 597/510/245 596/509/244 673/598/295
f 597/510/245 673/598/295 975/806/391
f 597/599/245 975/807/391 1150/600/296
f 976/641/312 674/601/297 1224/808/392
f 876/719/356 707/602/298 703/646/315
f 820/809/355 893/810/393 877/811/394
f 758/812/395 676/604/289 707/603/298
f 758/812/395 707/603/298 876/813/356
f 758/812/395 876/813/356 887/814/396
f 758/812/395 887/814/396 759/695/342
f 758/812/395 759/695/342 676/604/289
f 820/752/355 721/556/272 723/668/327
f 820/752/355 723/668/327 823/754/367
f 820/815/355 823/816/367 891/817/397
f 759/695/342 887/814/396 881/818/398
f 823/816/367 825/819/328 726/820/329
f 823/816/367 726/820/329 898/821/399
f 887/822/396 842/823/376 881/824/398
f 889/825/400 842/826/376 887/827/396
f 877/828/394 876/829/356 820/830/355
f 877/811/394 889/825/400 887/827/396
f 877/811/394 887/827/396 876/831/356
f 891/817/397 823/816/367 898/821/399
f 891/817/397 898/821/399 893/832/393
f 893/832/393 820/833/355 891/817/397
f 898/821/399 726/820/329 832/834/371
f 881/818/398 907/762/370 759/695/342
f 898/821/399 832/835/371 897/836/373
f 842/837/376 889/838/400 898/821/399
f 877/811/394 898/839/399 889/825/400
f 898/821/399 877/840/394 893/832/393
f 897/836/373 842/837/376 898/821/399
f 881/824/398 906/841/401 907/842/370
f 842/843/376 846/844/377 935/845/386
f 842/823/376 935/846/386 881/824/398
f 763/699/344 677/607/300 663/606/299
f 763/699/344 906/847/401 929/700/345
f 881/824/398 935/848/386 910/849/402
f 910/850/402 906/847/401 881/851/398
f 846/852/377 810/740/364 935/853/386
f 929/700/345 910/850/402 928/854/385
f 906/841/401 763/855/344 907/842/370
f 906/847/401 910/850/402 929/700/345
f 928/856/385 910/857/402 935/845/386
f 810/740/364 846/852/377 777/858/352
f 846/859/377 856/781/378 777/713/352
f 928/797/385 865/736/362 864/796/384
f 855/780/381 777/713/352 856/781/378
f 810/740/364 809/739/363 935/853/386
f 864/860/384 944/861/301 929/700/345
f 864/860/384 929/700/345 928/854/385
f 777/862/352 807/711/351 810/863/364
f 935/798/386 809/864/363 807/737/351
f 935/798/386 807/737/351 865/736/362
f 944/865/301 863/866/366 814/867/365
f 735/705/333 693/631/283 690/630/308
f 864/860/384 863/868/366 944/869/301
f 628/540/261 747/537/260 1129/870/403
f 988/689/339 626/439/206 625/438/205
f 988/689/339 625/438/205 744/871/336
f 988/872/339 1023/873/404 748/541/262
f 950/683/337 630/340/156 753/545/266
f 629/543/264 749/542/263 989/874/405
f 629/543/264 952/875/406 755/692/340
f 954/694/341 633/447/211 631/446/210
f 954/694/341 631/446/210 755/693/340
f 954/694/341 994/876/407 955/877/408
f 954/694/341 955/877/408 756/552/270
f 957/698/343 636/459/217 757/554/271
f 957/698/343 757/554/271 955/878/408
f 996/703/347 644/463/219 958/562/276
f 996/703/347 958/562/276 1027/879/409
f 652/880/282 963/881/410 781/578/285
f 634/882/269 966/883/411 751/544/265
f 658/579/286 656/476/223 783/716/354
f 661/717/288 969/884/412 785/548/267
f 1115/885/368 669/886/226 667/795/225
f 1115/885/368 667/795/225 1154/794/383
f 673/598/295 819/508/243 1007/887/413
f 1224/808/392 674/601/297 1150/600/296
f 1016/888/387 696/503/240 695/502/239
f 1016/888/387 695/502/239 870/804/390
f 984/802/389 698/507/242 874/637/311
f 984/802/389 874/637/311 982/889/414
f 984/802/389 1018/890/415 869/635/309
f 700/640/314 1203/891/416 873/805/310
f 744/682/336 947/536/259 987/892/417
f 744/682/336 987/892/417 988/893/339
f 1129/870/403 747/537/260 951/894/338
f 1129/895/403 951/896/338 1049/897/418
f 989/874/405 749/542/263 748/541/262
f 989/874/405 748/541/262 1023/873/404
f 989/874/405 990/898/419 629/543/264
f 753/545/266 751/544/265 966/883/411
f 753/899/266 966/900/411 992/901/420
f 753/899/266 992/901/420 950/902/337
f 954/694/341 755/693/340 952/903/406
f 954/694/341 952/903/406 1025/904/421
f 954/694/341 1025/904/421 994/876/407
f 955/877/408 757/553/271 756/552/270
f 955/878/408 1055/905/422 1058/906/423
f 955/878/408 1058/906/423 957/698/343
f 773/573/222 962/704/348 1060/907/424
f 773/908/222 998/909/425 652/910/282
f 786/550/268 785/911/267 969/912/412
f 786/550/268 969/912/412 999/913/426
f 786/550/268 999/913/426 634/551/269
f 783/716/354 781/578/285 963/881/410
f 783/716/354 1108/914/427 658/579/286
f 827/582/287 1006/915/428 661/583/288
f 1007/916/413 819/596/243 967/597/294
f 1007/916/413 967/597/294 1108/917/427
f 1007/887/413 1008/918/429 673/598/295
f 1154/794/383 861/793/382 670/919/293
f 1154/794/383 670/919/293 1117/920/430
f 870/921/390 869/922/309 1018/923/415
f 982/889/414 874/637/311 873/636/310
f 982/889/414 873/636/310 1203/924/416
f 982/889/414 1203/925/416 1017/926/431
f 982/889/414 1017/926/431 1018/927/415
f 982/889/414 1018/927/415 984/802/389
f 875/639/313 976/638/312 1193/928/432
f 875/639/313 1193/928/432 1225/929/433
f 875/639/313 1225/929/433 700/640/314
f 949/530/256 628/540/261 1093/930/434
f 949/530/256 1325/931/435 742/531/257
f 987/892/417 947/536/259 624/533/258
f 987/892/417 624/533/258 1165/932/436
f 987/892/417 1165/932/436 1021/933/437
f 1049/897/418 951/896/338 950/902/337
f 1049/897/418 950/902/337 992/901/420
f 1049/897/418 992/901/420 1211/934/438
f 1023/935/404 988/936/339 1090/937/439
f 1023/935/404 1024/938/440 989/939/405
f 952/875/406 629/543/264 990/898/419
f 952/875/406 990/898/419 1025/940/421
f 955/877/408 994/876/407 1053/941/441
f 955/877/408 1053/941/441 1055/942/422
f 958/697/276 957/698/343 1058/906/423
f 1060/907/424 962/704/348 996/703/347
f 966/943/411 634/551/269 999/913/426
f 966/900/411 1033/944/442 992/901/420
f 963/881/410 652/880/282 998/945/425
f 963/881/410 998/945/425 1061/946/443
f 963/881/410 1061/946/443 783/716/354
f 969/912/412 661/947/288 1006/948/428
f 969/912/412 1006/948/428 1035/949/444
f 969/912/412 1035/949/444 999/913/426
f 1108/950/427 967/951/294 658/952/286
f 1108/950/427 1111/953/445 1007/954/413
f 975/955/391 673/598/295 1008/918/429
f 972/758/369 1152/956/446 827/582/287
f 1203/891/416 700/640/314 1225/929/433
f 1203/925/416 1157/957/447 1017/926/431
f 1193/958/432 976/959/312 1224/960/392
f 980/961/388 1016/962/387 1041/963/448
f 980/961/388 1041/963/448 1077/964/449
f 980/961/388 1077/964/449 1116/965/450
f 980/961/388 1116/965/450 868/966/292
f 1018/923/415 1043/967/451 870/921/390
f 624/533/258 742/532/257 1325/968/435
f 1093/930/434 628/540/261 1129/870/403
f 1090/937/439 988/936/339 987/969/417
f 1090/970/439 987/892/417 1021/933/437
f 1090/937/439 1048/971/452 1023/935/404
f 1211/934/438 992/901/420 1033/944/442
f 990/972/419 989/939/405 1024/938/440
f 990/972/419 1024/938/440 1095/973/453
f 990/972/419 1095/973/453 1052/974/454
f 990/975/419 1052/976/454 1025/977/421
f 1053/941/441 994/876/407 1025/904/421
f 1053/978/441 1025/977/421 1052/976/454
f 1058/979/423 1099/980/455 958/981/276
f 998/982/425 773/573/222 1060/907/424
f 998/982/425 1060/907/424 1103/983/456
f 998/982/425 1103/983/456 1104/984/457
f 998/985/425 1104/986/457 1061/987/443
f 999/913/426 1035/949/444 1106/988/458
f 1006/915/428 827/582/287 1152/956/446
f 1006/948/428 1152/989/446 1066/990/459
f 1006/948/428 1066/990/459 1035/949/444
f 1108/991/427 783/992/354 1255/993/460
f 1008/994/429 1007/954/413 1111/953/445
f 1115/757/368 1073/995/461 972/758/369
f 1117/920/430 670/996/293 868/997/292
f 1117/998/430 868/966/292 1116/965/450
f 1041/963/448 1016/962/387 870/999/390
f 1041/963/448 870/999/390 1043/1000/451
f 1041/963/448 1043/1000/451 1119/1001/462
f 1041/963/448 1119/1001/462 1077/964/449
f 1123/1002/463 1018/923/415 1017/1003/431
f 1123/1002/463 1017/1003/431 1157/1004/447
f 1325/931/435 949/530/256 36/1005/464
f 1325/968/435 1205/1006/465 624/533/258
f 1021/933/437 1165/932/436 1127/1007/466
f 1021/1008/437 1127/1009/466 1090/937/439
f 1024/938/440 1023/935/404 1048/971/452
f 1024/938/440 1048/971/452 1133/1010/467
f 1024/938/440 1133/1010/467 1095/973/453
f 1033/944/442 966/900/411 1139/1011/468
f 1033/944/442 1139/1011/468 1211/934/438
f 1052/976/454 1097/1012/469 1053/978/441
f 1055/1013/422 1136/1014/470 1137/1015/471
f 1055/1013/422 1137/1015/471 1099/980/455
f 1055/1013/422 1099/980/455 1058/979/423
f 1027/1016/409 958/981/276 1099/980/455
f 1106/988/458 1035/949/444 1066/990/459
f 1106/988/458 1187/1017/472 999/913/426
f 1255/993/460 783/992/354 1061/987/443
f 1255/993/460 1061/987/443 1142/1018/473
f 1111/953/445 1108/950/427 1147/1019/474
f 1111/953/445 1112/1020/475 1008/994/429
f 1152/956/446 972/758/369 1073/995/461
f 36/1005/464 949/530/256 1093/930/434
f 1165/932/436 624/533/258 1205/1006/465
f 1048/971/452 1090/937/439 1127/1009/466
f 1048/971/452 1127/1009/466 1173/1021/476
f 1048/971/452 1173/1021/476 1133/1010/467
f 1052/1022/454 1095/973/453 1134/1023/477
f 1052/976/454 1134/1024/477 1178/1025/478
f 1052/976/454 1178/1025/478 1240/1026/479
f 1136/1027/470 1055/1028/422 1053/978/441
f 1136/1027/470 1053/978/441 1097/1012/469
f 1060/1029/424 996/1030/347 1247/1031/480
f 1060/1029/424 1247/1031/480 1214/1032/481
f 1060/1029/424 1214/1032/481 1103/1033/456
f 1139/1034/468 966/943/411 999/913/426
f 1139/1034/468 999/913/426 1187/1017/472
f 1142/1018/473 1061/987/443 1104/986/457
f 1142/1018/473 1104/986/457 1141/1035/482
f 1066/990/459 1218/1036/483 1106/988/458
f 1147/1019/474 1108/950/427 1220/1037/484
f 1147/1019/474 1148/1038/485 1111/953/445
f 975/1039/391 1008/994/429 1112/1020/475
f 1077/964/449 1119/1001/462 1198/1040/486
f 1077/964/449 1226/1041/487 1116/965/450
f 1018/923/415 1123/1002/463 1291/1042/488
f 1018/923/415 1291/1042/488 1266/1043/489
f 1018/923/415 1266/1043/489 1043/967/451
f 1093/1044/434 1129/1045/403 81/1046/490
f 1127/1009/466 1207/1047/491 1173/1021/476
f 1134/1023/477 1095/973/453 1133/1010/467
f 1134/1023/477 1133/1010/467 1210/1048/492
f 1134/1024/477 1210/1049/492 1178/1025/478
f 1097/1012/469 1052/976/454 1240/1026/479
f 1097/1012/469 1181/1050/493 1136/1027/470
f 996/1030/347 1027/1051/409 7/1052/494
f 996/1030/347 7/1052/494 1310/1053/495
f 996/1030/347 1310/1053/495 1247/1031/480
f 1141/1035/482 1104/986/457 1103/1033/456
f 1141/1035/482 1103/1033/456 1214/1032/481
f 1141/1035/482 1214/1032/481 1216/1054/496
f 1141/1035/482 1216/1054/496 1142/1018/473
f 1187/1017/472 1106/988/458 1218/1036/483
f 1220/1055/484 1108/991/427 1255/993/460
f 1220/1037/484 1282/1056/497 1147/1019/474
f 1112/1020/475 1111/953/445 1148/1038/485
f 1117/998/430 1116/965/450 1226/1041/487
f 1117/998/430 1226/1041/487 1320/1057/498
f 1117/1058/430 1320/1059/498 1197/1060/499
f 1117/998/430 1197/1061/499 1154/1062/383
f 1198/1040/486 1119/1001/462 1043/1000/451
f 1198/1040/486 1043/1000/451 1266/1063/489
f 1207/1064/491 1127/1065/466 1165/1066/436
f 1207/1064/491 1165/1066/436 1231/1067/500
f 81/1046/490 1129/1045/403 1049/1068/418
f 1210/1048/492 1133/1010/467 1173/1021/476
f 1210/1069/492 1173/1070/476 1236/1071/501
f 1137/1015/471 1136/1014/470 1181/1072/493
f 1137/1073/471 1181/1074/493 1242/1075/502
f 7/1076/494 1027/1016/409 1099/980/455
f 1218/1077/483 1066/1078/459 1286/1079/503
f 1218/1077/483 1279/1080/504 1187/1081/472
f 1255/993/460 1142/1018/473 1216/1054/496
f 1255/993/460 1216/1054/496 1275/1082/505
f 1148/1038/485 1147/1019/474 1282/1056/497
f 1148/1038/485 1282/1056/497 1316/1083/506
f 1148/1038/485 1316/1083/506 14/1084/507
f 1148/1038/485 14/1084/507 1112/1020/475
f 1223/1085/508 1152/1086/446 1073/1087/461
f 1223/1085/508 1317/1088/509 1152/1086/446
f 1150/1089/296 975/1039/391 93/1090/510
f 1150/1091/296 93/1092/510 1224/1093/392
f 1226/1094/487 1077/1095/449 1264/1096/511
f 1266/1063/489 1228/1097/512 1198/1040/486
f 1157/1098/447 1203/1099/416 1287/1100/513
f 1157/1098/447 1287/1100/513 1322/1101/514
f 1157/1098/447 1322/1101/514 1291/1102/488
f 1157/1004/447 1291/1103/488 1123/1002/463
f 36/1104/464 1093/1044/434 43/1105/515
f 1231/1067/500 1165/1066/436 1205/1106/465
f 1231/1067/500 1357/1107/516 1233/1108/517
f 1231/1067/500 1233/1108/517 1207/1064/491
f 1049/1109/418 1211/1110/438 1334/1111/518
f 1236/1071/501 1173/1070/476 1207/1112/491
f 1187/1113/472 1279/1114/504 1239/1115/519
f 1187/1113/472 1239/1115/519 1139/1116/468
f 1240/1117/479 1178/1118/478 1210/1119/492
f 1240/1117/479 1210/1119/492 1304/1120/520
f 1181/1121/493 1097/1122/469 1306/1123/521
f 1099/1124/455 1137/1073/471 1308/1125/522
f 1099/1124/455 1308/1125/522 54/1126/523
f 1099/1124/455 54/1126/523 7/1127/494
f 1275/1082/505 1216/1054/496 1274/1128/524
f 1286/1079/503 1066/1078/459 1152/1129/446
f 1286/1130/503 1152/1086/446 1317/1088/509
f 1286/1079/503 1258/1131/525 1218/1077/483
f 975/1039/391 1112/1020/475 14/1084/507
f 18/1132/526 1193/1133/432 1224/1093/392
f 18/1134/526 26/1135/527 1193/1136/432
f 1073/1087/461 1263/1137/528 1223/1085/508
f 1264/1138/511 1077/964/449 1198/1040/486
f 1264/1138/511 1198/1040/486 1228/1097/512
f 1264/1096/511 1290/1139/529 1226/1094/487
f 1287/1140/513 1203/1141/416 1225/1142/433
f 1231/1067/500 1205/1106/465 1325/1143/435
f 1231/1067/500 1325/1143/435 1357/1107/516
f 43/1105/515 1093/1044/434 81/1046/490
f 1207/1112/491 1233/1144/517 1297/1145/530
f 1207/1112/491 1297/1145/530 1270/1146/531
f 1207/1112/491 1270/1146/531 1236/1071/501
f 1334/1111/518 1211/1110/438 1139/1116/468
f 1334/1111/518 1139/1116/468 1239/1115/519
f 1304/1147/520 1210/1069/492 1236/1071/501
f 1304/1147/520 1236/1071/501 1270/1146/531
f 1306/1123/521 1097/1122/469 1240/1117/479
f 1306/1123/521 1240/1117/479 1337/1148/532
f 1308/1125/522 1137/1073/471 1242/1075/502
f 1308/1125/522 1242/1075/502 1307/1149/533
f 1310/1150/495 1273/1151/534 1247/1152/480
f 1274/1128/524 1216/1054/496 1214/1032/481
f 1274/1128/524 1214/1032/481 1247/1031/480
f 1274/1153/524 1247/1152/480 1273/1151/534
f 1279/1080/504 1218/1077/483 1258/1131/525
f 1279/1080/504 1258/1131/525 1314/1154/535
f 1220/1055/484 1255/993/460 9/1155/536
f 14/1156/507 124/1157/537 975/1158/391
f 1317/1088/509 1223/1085/508 1263/1137/528
f 1224/1093/392 93/1092/510 16/1159/538
f 1224/1093/392 16/1159/538 18/1132/526
f 1225/1142/433 1193/1136/432 26/1135/527
f 1320/1160/498 1226/1094/487 1290/1139/529
f 1320/1059/498 33/1161/539 1197/1060/499
f 1228/1162/512 1266/1163/489 70/1164/540
f 1228/1162/512 1290/1139/529 1264/1096/511
f 1233/1108/517 1357/1107/516 1327/1165/541
f 1233/1144/517 1327/1166/541 1297/1145/530
f 81/1167/490 1049/1109/418 80/1168/542
f 1270/1146/531 1301/1169/543 1361/1170/544
f 1270/1146/531 1361/1170/544 1304/1147/520
f 1239/1115/519 1279/1114/504 1280/1171/545
f 1239/1115/519 1280/1171/545 1334/1111/518
f 1337/1148/532 1240/1117/479 1304/1120/520
f 1307/1149/533 1242/1075/502 1181/1074/493
f 1307/1149/533 1181/1074/493 1373/1172/546
f 1273/1151/534 1378/1173/547 1274/1153/524
f 9/1155/536 1255/993/460 1275/1082/505
f 1314/1154/535 1258/1131/525 1286/1079/503
f 1314/1154/535 1286/1079/503 1350/1174/548
f 1314/1154/535 1350/1174/548 1351/1175/549
f 1316/1176/506 1282/1177/497 1379/1178/550
f 93/1092/510 975/1158/391 124/1157/537
f 1263/1137/528 1073/1087/461 1385/1179/551
f 1263/1137/528 1385/1179/551 1406/1180/552
f 1263/1137/528 1406/1180/552 1317/1088/509
f 1154/1181/383 1197/1060/499 33/1161/539
f 1154/1181/383 22/1182/553 1115/1183/368
f 26/1135/527 27/1184/554 1225/1142/433
f 70/1185/540 1266/1186/489 1291/1102/488
f 1322/1101/514 1324/1187/555 1291/1102/488
f 80/1168/542 1049/1109/418 1334/1111/518
f 1301/1169/543 1270/1146/531 1297/1145/530
f 1301/1169/543 1297/1145/530 1360/1188/556
f 1301/1169/543 1360/1188/556 1361/1170/544
f 1280/1189/545 1279/1080/504 1314/1154/535
f 1280/1189/545 1314/1154/535 1404/1190/557
f 1304/1120/520 1364/1191/558 1366/1192/559
f 1304/1120/520 1366/1192/559 1337/1148/532
f 1373/1193/546 1181/1121/493 1306/1123/521
f 1373/1172/546 1340/1194/560 1307/1149/533
f 1273/1151/534 1310/1150/495 56/1195/561
f 1273/1151/534 56/1195/561 1341/1196/562
f 1275/1197/505 1274/1153/524 1378/1173/547
f 1275/1198/505 1378/1199/547 11/1200/563
f 1275/1198/505 11/1200/563 9/1201/536
f 1379/1178/550 1282/1177/497 1220/1202/484
f 1379/1178/550 1347/1203/564 1316/1176/506
f 1350/1174/548 1286/1079/503 1317/1204/509
f 1350/1205/548 1317/1088/509 19/1206/565
f 1385/1179/551 1073/1087/461 1115/1207/368
f 1385/1179/551 1115/1207/368 22/1208/553
f 1287/1140/513 1225/1142/433 27/1184/554
f 1287/1140/513 27/1184/554 28/1209/566
f 1287/1210/513 28/1211/566 1322/1101/514
f 33/1161/539 1320/1059/498 30/1212/567
f 33/1161/539 23/1213/568 1154/1181/383
f 1357/1107/516 1325/1143/435 35/1214/569
f 1360/1188/556 1297/1145/530 1327/1166/541
f 1364/1191/558 1304/1120/520 1361/1215/544
f 1404/1190/557 1314/1154/535 1351/1175/549
f 1404/1190/557 1351/1175/549 1368/1216/570
f 1306/1123/521 1337/1148/532 1371/1217/571
f 1306/1123/521 1371/1217/571 1397/1218/572
f 1306/1219/521 1397/1220/572 1373/1172/546
f 1308/1125/522 1307/1149/533 1340/1194/560
f 1308/1125/522 1340/1194/560 54/1126/523
f 1378/1173/547 1273/1151/534 1341/1196/562
f 1220/1221/484 9/1201/536 58/1222/573
f 1220/1223/484 58/1224/573 1379/1225/550
f 14/1156/507 1316/1176/506 1347/1203/564
f 19/1206/565 1317/1088/509 1406/1180/552
f 22/1182/553 1154/1181/383 23/1213/568
f 30/1226/567 1320/1227/498 1290/1139/529
f 1228/1162/512 101/1228/574 1290/1139/529
f 1324/1187/555 1322/1101/514 28/1211/566
f 1324/1187/555 28/1211/566 72/1229/575
f 1324/1187/555 72/1229/575 1291/1102/488
f 35/1230/569 1325/1231/435 36/1104/464
f 1327/1232/541 1357/1233/516 39/1234/576
f 1327/1232/541 39/1234/576 42/1235/577
f 1327/1232/541 42/1235/577 1360/1236/556
f 1361/1237/544 44/1238/578 1396/1239/579
f 1361/1237/544 1396/1239/579 1364/1240/558
f 48/1241/580 1334/1242/518 1280/1243/545
f 1371/1217/571 1337/1148/532 1366/1192/559
f 1371/1244/571 1366/1245/559 1397/1246/572
f 1340/1194/560 1373/1172/546 6/1247/581
f 1341/1196/562 56/1195/561 90/1248/582
f 1341/1249/562 90/1250/582 8/1251/583
f 1341/1249/562 8/1251/583 1378/1199/547
f 1347/1252/564 1379/1225/550 15/1253/584
f 1347/1252/564 15/1253/584 14/1254/507
f 1368/1216/570 1351/1175/549 1350/1174/548
f 1368/1216/570 1350/1174/548 19/1255/565
f 1368/1256/570 19/1257/565 61/1258/585
f 1368/1256/570 61/1258/585 1404/1259/557
f 30/1226/567 1290/1139/529 101/1228/574
f 70/1260/540 71/1261/586 1228/1262/512
f 1357/1263/516 35/1264/569 38/1265/587
f 1357/1263/516 38/1265/587 39/1266/576
f 80/1267/542 1334/1268/518 48/1241/580
f 44/1269/578 1361/1270/544 1360/1236/556
f 44/1269/578 1360/1236/556 42/1235/577
f 1280/1271/545 1404/1259/557 63/1272/588
f 1280/1271/545 63/1272/588 115/1273/589
f 1280/1243/545 115/1274/589 48/1241/580
f 1366/1245/559 1364/1240/558 1396/1239/579
f 1366/1245/559 1396/1239/579 47/1275/590
f 1366/1245/559 51/1276/591 1397/1246/572
f 6/1247/581 1373/1172/546 1397/1220/572
f 6/1277/581 1397/1278/572 5/1279/592
f 11/1200/563 1378/1199/547 8/1251/583
f 1379/1225/550 58/1224/573 13/1280/593
f 1379/1225/550 13/1280/593 15/1253/584
f 19/1257/565 66/1281/594 21/1282/595
f 19/1257/565 21/1282/595 61/1258/585
f 1406/1283/552 1385/1284/551 22/1285/553
f 1406/1283/552 22/1285/553 25/1286/596
f 1406/1283/552 25/1286/596 20/1287/597
f 33/1288/539 30/1289/567 29/1290/598
f 33/1288/539 29/1290/598 31/1291/599
f 101/1292/574 1228/1262/512 71/1261/586
f 1291/1293/488 72/1294/575 103/1295/600
f 1291/1293/488 103/1295/600 70/1296/540
f 43/1297/515 74/1298/601 36/1299/464
f 42/1235/577 82/1300/602 44/1269/578
f 47/1275/590 1396/1239/579 44/1238/578
f 47/1275/590 44/1238/578 83/1301/603
f 47/1275/590 50/1302/604 1366/1245/559
f 63/1272/588 1404/1259/557 61/1258/585
f 5/1303/592 1397/1246/572 51/1276/591
f 5/1303/592 51/1276/591 52/1304/605
f 54/1305/523 1340/1306/560 53/1307/606
f 56/1308/561 1310/1309/495 7/1310/494
f 56/1308/561 7/1310/494 55/1311/607
f 8/1312/583 90/1313/582 57/1314/608
f 8/1251/583 57/1315/608 9/1201/536
f 8/1251/583 9/1201/536 11/1200/563
f 124/1316/537 14/1254/507 15/1253/584
f 16/1317/538 17/1318/609 18/1319/526
f 66/1320/594 19/1321/565 1406/1283/552
f 66/1320/594 1406/1283/552 20/1287/597
f 25/1322/596 22/1323/553 23/1324/568
f 25/1322/596 23/1324/568 24/1325/610
f 31/1326/599 29/1327/598 30/1328/567
f 31/1326/599 30/1328/567 102/1329/611
f 31/1291/599 32/1330/612 33/1288/539
f 35/1331/569 36/1299/464 74/1298/601
f 35/1264/569 74/1332/601 37/1333/613
f 35/1264/569 37/1333/613 38/1265/587
f 39/1266/576 38/1265/587 40/1334/614
f 39/1266/576 40/1334/614 41/1335/615
f 39/1234/576 41/1336/615 42/1235/577
f 83/1337/603 44/1269/578 82/1300/602
f 48/1241/580 115/1274/589 49/1338/616
f 51/1276/591 1366/1245/559 50/1302/604
f 53/1307/606 1340/1306/560 6/1277/581
f 53/1307/606 6/1277/581 5/1279/592
f 53/1307/606 5/1279/592 86/1339/617
f 55/1311/607 7/1310/494 54/1340/523
f 55/1311/607 54/1340/523 88/1341/618
f 90/1313/582 56/1342/561 89/1343/619
f 9/1201/536 91/1344/620 58/1222/573
f 93/1345/510 60/1346/621 16/1317/538
f 61/1258/585 21/1282/595 62/1347/622
f 61/1258/585 62/1347/622 63/1272/588
f 20/1287/597 25/1286/596 69/1348/623
f 26/1349/527 18/1350/526 17/1351/609
f 26/1349/527 67/1352/624 27/1353/554
f 24/1325/610 23/1324/568 33/1288/539
f 24/1325/610 33/1288/539 32/1330/612
f 24/1354/610 32/1355/612 98/1356/625
f 24/1354/610 98/1356/625 69/1357/623
f 24/1354/610 69/1357/623 25/1358/596
f 102/1329/611 30/1328/567 101/1359/574
f 72/1360/575 28/1361/566 96/1362/626
f 72/1360/575 96/1362/626 97/1363/627
f 74/1298/601 43/1297/515 107/1364/628
f 40/1334/614 38/1265/587 37/1333/613
f 40/1334/614 37/1333/613 75/1365/629
f 40/1334/614 75/1365/629 41/1335/615
f 80/1267/542 48/1241/580 49/1338/616
f 82/1300/602 42/1235/577 41/1336/615
f 115/1273/589 63/1272/588 114/1366/630
f 50/1302/604 47/1275/590 112/1367/631
f 50/1302/604 113/1368/632 51/1276/591
f 86/1339/617 5/1279/592 52/1369/605
f 86/1339/617 87/1370/633 53/1307/606
f 88/1371/618 54/1305/523 116/1372/634
f 88/1341/618 118/1373/635 55/1311/607
f 89/1343/619 56/1342/561 118/1374/635
f 9/1375/536 57/1314/608 121/1376/636
f 9/1201/536 121/1377/636 91/1344/620
f 13/1280/593 58/1224/573 122/1378/637
f 13/1280/593 122/1378/637 92/1379/638
f 13/1280/593 92/1379/638 15/1253/584
f 62/1347/622 21/1282/595 66/1380/594
f 62/1381/622 66/1320/594 127/1382/639
f 62/1347/622 127/1383/639 128/1384/640
f 17/1318/609 16/1317/538 60/1346/621
f 17/1318/609 60/1346/621 126/1385/641
f 17/1351/609 126/1386/641 95/1387/642
f 17/1351/609 95/1387/642 26/1349/527
f 96/1362/626 28/1361/566 27/1353/554
f 96/1362/626 27/1353/554 67/1352/624
f 32/1355/612 31/1388/599 102/1389/611
f 32/1355/612 102/1389/611 130/1390/643
f 32/1355/612 130/1390/643 98/1356/625
f 101/1359/574 71/1391/586 105/1392/644
f 103/1295/600 72/1294/575 133/1393/645
f 103/1295/600 105/1394/644 70/1296/540
f 37/1333/613 74/1332/601 107/1395/628
f 37/1333/613 107/1395/628 135/1396/646
f 37/1333/613 135/1396/646 161/1397/647
f 37/1333/613 161/1397/647 75/1365/629
f 43/1297/515 81/1398/490 163/1399/648
f 43/1297/515 163/1399/648 136/1400/649
f 43/1297/515 136/1400/649 107/1364/628
f 41/1336/615 75/1401/629 137/1402/650
f 41/1336/615 137/1402/650 138/1403/651
f 41/1336/615 138/1403/651 82/1300/602
f 49/1338/616 115/1274/589 109/1404/652
f 49/1338/616 109/1404/652 110/1405/653
f 49/1338/616 110/1405/653 80/1267/542
f 112/1367/631 47/1275/590 83/1301/603
f 112/1367/631 83/1301/603 164/1406/654
f 112/1367/631 113/1368/632 50/1302/604
f 114/1366/630 63/1272/588 62/1347/622
f 114/1366/630 62/1347/622 128/1384/640
f 52/1304/605 51/1276/591 113/1368/632
f 52/1369/605 113/1407/632 141/1408/655
f 52/1369/605 141/1408/655 202/1409/656
f 52/1369/605 202/1409/656 86/1339/617
f 116/1372/634 54/1305/523 53/1307/606
f 116/1372/634 53/1307/606 87/1370/633
f 118/1373/635 56/1308/561 55/1311/607
f 118/1374/635 119/1410/657 89/1343/619
f 121/1376/636 57/1314/608 90/1313/582
f 121/1376/636 90/1313/582 119/1410/657
f 122/1411/637 58/1222/573 91/1344/620
f 122/1411/637 91/1344/620 172/1412/658
f 122/1378/637 123/1413/659 92/1379/638
f 124/1316/537 15/1253/584 92/1379/638
f 60/1346/621 93/1345/510 125/1414/660
f 60/1346/621 125/1414/660 126/1385/641
f 127/1382/639 66/1320/594 20/1287/597
f 127/1382/639 152/1415/661 128/1416/640
f 129/1417/662 69/1357/623 98/1356/625
f 129/1417/662 98/1356/625 130/1390/643
f 67/1352/624 26/1349/527 95/1387/642
f 67/1352/624 95/1387/642 153/1418/663
f 67/1352/624 153/1418/663 96/1362/626
f 105/1392/644 71/1391/586 70/1419/540
f 105/1392/644 131/1420/664 132/1421/665
f 105/1392/644 132/1421/665 101/1359/574
f 133/1393/645 72/1294/575 97/1422/627
f 133/1393/645 134/1423/666 103/1295/600
f 107/1395/628 160/1424/667 135/1396/646
f 163/1399/648 81/1398/490 80/1425/542
f 163/1399/648 80/1425/542 110/1426/653
f 137/1427/650 75/1365/629 161/1397/647
f 164/1406/654 83/1301/603 82/1428/602
f 164/1429/654 82/1300/602 138/1403/651
f 164/1429/654 138/1403/651 193/1430/668
f 164/1406/654 197/1431/669 112/1367/631
f 109/1404/652 115/1274/589 200/1432/670
f 109/1404/652 200/1432/670 139/1433/671
f 109/1404/652 139/1433/671 140/1434/672
f 113/1368/632 167/1435/673 141/1436/655
f 87/1370/633 86/1339/617 202/1409/656
f 87/1370/633 202/1409/656 168/1437/674
f 87/1370/633 168/1437/674 142/1438/675
f 87/1370/633 142/1438/675 116/1372/634
f 143/1439/676 118/1373/635 88/1341/618
f 143/1439/676 88/1341/618 116/1440/634
f 143/1439/676 116/1440/634 142/1441/675
f 143/1442/676 144/1443/677 118/1374/635
f 119/1410/657 90/1313/582 89/1343/619
f 119/1410/657 144/1443/677 147/1444/678
f 119/1410/657 147/1444/678 121/1376/636
f 172/1412/658 91/1344/620 121/1377/636
f 172/1445/658 121/1376/636 171/1446/679
f 172/1412/658 148/1447/680 122/1411/637
f 92/1379/638 123/1413/659 173/1448/681
f 92/1379/638 173/1448/681 174/1449/682
f 92/1379/638 174/1449/682 124/1316/537
f 125/1414/660 93/1345/510 124/1450/537
f 125/1414/660 124/1450/537 150/1451/683
f 125/1414/660 150/1451/683 158/1452/684
f 125/1414/660 158/1452/684 151/1453/685
f 125/1414/660 151/1453/685 126/1385/641
f 128/1384/640 199/1454/686 114/1366/630
f 127/1382/639 20/1287/597 69/1348/623
f 127/1382/639 69/1348/623 129/1455/662
f 127/1382/639 129/1455/662 211/1456/687
f 127/1382/639 211/1456/687 152/1415/661
f 95/1387/642 126/1386/641 151/1457/685
f 95/1387/642 151/1457/685 177/1458/688
f 95/1387/642 177/1458/688 153/1418/663
f 130/1390/643 155/1459/689 154/1460/690
f 130/1390/643 154/1460/690 129/1417/662
f 102/1329/611 101/1359/574 132/1421/665
f 102/1329/611 132/1421/665 155/1461/689
f 131/1462/664 105/1394/644 103/1295/600
f 131/1462/664 103/1295/600 134/1423/666
f 131/1462/664 134/1423/666 182/1463/691
f 131/1462/664 182/1463/691 183/1464/692
f 131/1462/664 183/1464/692 156/1465/693
f 131/1420/664 156/1466/693 132/1421/665
f 97/1363/627 96/1362/626 153/1418/663
f 97/1363/627 153/1418/663 179/1467/694
f 97/1422/627 179/1468/694 182/1463/691
f 97/1422/627 182/1463/691 133/1393/645
f 150/1451/683 124/1450/537 174/1469/682
f 150/1451/683 174/1469/682 189/1470/695
f 150/1471/683 189/1472/695 158/1473/684
f 160/1474/667 107/1364/628 136/1400/649
f 160/1475/667 136/1476/649 159/1477/696
f 160/1475/667 159/1477/696 191/1478/697
f 161/1479/647 135/1480/646 187/1481/698
f 110/1405/653 109/1404/652 140/1434/672
f 110/1482/653 140/1483/672 195/1484/699
f 110/1482/653 195/1484/699 163/1485/648
f 193/1486/668 138/1487/651 192/1488/700
f 200/1489/670 115/1273/589 114/1366/630
f 200/1489/670 114/1366/630 199/1454/686
f 200/1490/670 165/1491/701 139/1492/671
f 167/1435/673 113/1368/632 112/1367/631
f 167/1435/673 112/1367/631 197/1431/669
f 202/1493/656 141/1494/655 201/1495/702
f 142/1496/675 168/1497/674 169/1498/703
f 142/1496/675 169/1498/703 143/1499/676
f 144/1443/677 119/1410/657 118/1374/635
f 171/1446/679 121/1376/636 147/1444/678
f 173/1448/681 123/1413/659 122/1378/637
f 173/1448/681 122/1378/637 148/1500/680
f 128/1501/640 152/1502/661 178/1503/704
f 128/1501/640 178/1503/704 206/1504/705
f 151/1505/685 176/1506/706 177/1507/688
f 211/1456/687 129/1455/662 154/1508/690
f 211/1509/687 154/1510/690 210/1511/707
f 211/1509/687 178/1512/704 152/1513/661
f 153/1514/663 207/1515/708 208/1516/709
f 153/1514/663 208/1516/709 179/1517/694
f 155/1459/689 130/1390/643 102/1389/611
f 155/1518/689 214/1519/710 215/1520/711
f 155/1521/689 215/1522/711 154/1510/690
f 182/1463/691 134/1423/666 133/1393/645
f 132/1523/665 156/1524/693 217/1525/712
f 132/1523/665 217/1525/712 155/1518/689
f 187/1481/698 135/1480/646 160/1526/667
f 187/1481/698 160/1526/667 218/1527/713
f 187/1481/698 188/1528/714 161/1479/647
f 189/1472/695 174/1529/682 225/1530/715
f 159/1477/696 136/1476/649 163/1485/648
f 159/1477/696 163/1485/648 222/1531/716
f 159/1477/696 222/1531/716 191/1478/697
f 192/1488/700 138/1487/651 137/1532/650
f 192/1488/700 137/1532/650 161/1533/647
f 192/1488/700 161/1533/647 230/1534/717
f 140/1535/672 139/1492/671 165/1491/701
f 140/1535/672 165/1491/701 235/1536/718
f 140/1535/672 235/1536/718 195/1537/699
f 197/1538/669 164/1539/654 196/1540/719
f 197/1538/669 198/1541/720 167/1542/673
f 199/1543/686 128/1501/640 206/1504/705
f 201/1495/702 141/1494/655 167/1542/673
f 201/1495/702 167/1542/673 198/1541/720
f 168/1544/674 264/1545/721 203/1546/722
f 168/1497/674 203/1547/722 169/1498/703
f 144/1548/677 143/1499/676 169/1498/703
f 144/1548/677 169/1498/703 237/1549/723
f 144/1548/677 237/1549/723 204/1550/724
f 147/1551/678 144/1552/677 238/1553/725
f 147/1551/678 238/1553/725 205/1554/726
f 147/1551/678 205/1554/726 171/1555/679
f 148/1556/680 172/1557/658 205/1554/726
f 148/1556/680 205/1554/726 239/1558/727
f 148/1556/680 239/1558/727 173/1559/681
f 176/1560/706 151/1453/685 158/1452/684
f 176/1561/706 158/1473/684 227/1562/728
f 176/1561/706 227/1562/728 228/1563/729
f 176/1561/706 228/1563/729 270/1564/730
f 207/1515/708 153/1514/663 177/1507/688
f 207/1515/708 177/1507/688 241/1565/731
f 210/1511/707 154/1510/690 215/1522/711
f 181/1566/732 182/1567/691 179/1517/694
f 181/1566/732 179/1517/694 213/1568/733
f 181/1566/732 213/1568/733 182/1567/691
f 214/1519/710 155/1518/689 217/1525/712
f 214/1519/710 217/1525/712 248/1569/734
f 156/1524/693 183/1570/692 217/1525/712
f 218/1527/713 160/1526/667 191/1571/697
f 218/1527/713 191/1571/697 223/1572/735
f 218/1527/713 220/1573/736 187/1481/698
f 222/1531/716 163/1485/648 195/1484/699
f 222/1531/716 223/1574/735 191/1478/697
f 225/1530/715 174/1529/682 173/1575/681
f 225/1530/715 173/1575/681 239/1576/727
f 227/1562/728 158/1473/684 189/1472/695
f 227/1562/728 189/1472/695 252/1577/737
f 230/1578/717 161/1479/647 188/1528/714
f 230/1534/717 255/1579/738 192/1488/700
f 196/1580/719 164/1581/654 193/1486/668
f 196/1580/719 193/1486/668 231/1582/739
f 196/1580/719 231/1582/739 232/1583/740
f 196/1540/719 232/1584/740 197/1538/669
f 165/1491/701 200/1490/670 259/1585/741
f 165/1491/701 259/1585/741 234/1586/742
f 165/1491/701 234/1586/742 235/1536/718
f 198/1541/720 232/1584/740 261/1587/743
f 198/1541/720 261/1587/743 236/1588/744
f 198/1541/720 236/1588/744 201/1495/702
f 264/1545/721 168/1544/674 202/1589/656
f 264/1545/721 202/1589/656 263/1590/745
f 169/1498/703 203/1547/722 265/1591/746
f 169/1498/703 265/1591/746 237/1549/723
f 238/1592/725 144/1548/677 204/1550/724
f 238/1592/725 204/1550/724 266/1593/747
f 205/1554/726 172/1557/658 171/1555/679
f 199/1543/686 206/1504/705 273/1594/748
f 199/1543/686 273/1594/748 240/1595/749
f 241/1565/731 177/1507/688 176/1506/706
f 241/1596/731 176/1597/706 270/1598/730
f 241/1565/731 242/1599/750 207/1515/708
f 178/1512/704 211/1509/687 243/1600/751
f 178/1512/704 243/1600/751 245/1601/752
f 215/1522/711 246/1602/753 210/1511/707
f 179/1517/694 208/1516/709 242/1599/750
f 179/1517/694 242/1599/750 277/1603/754
f 179/1517/694 277/1603/754 213/1568/733
f 248/1569/734 217/1525/712 280/1604/755
f 248/1569/734 249/1605/756 214/1519/710
f 183/1606/692 182/1567/691 213/1568/733
f 183/1606/692 213/1568/733 250/1607/757
f 252/1577/737 189/1472/695 225/1530/715
f 252/1577/737 225/1530/715 258/1608/758
f 252/1577/737 342/1609/759 227/1562/728
f 223/1574/735 311/1610/760 286/1611/761
f 223/1572/735 286/1612/761 253/1613/762
f 223/1572/735 253/1613/762 218/1527/713
f 188/1528/714 187/1481/698 220/1573/736
f 188/1528/714 220/1573/736 254/1614/763
f 188/1528/714 254/1614/763 285/1615/764
f 188/1528/714 285/1615/764 255/1616/738
f 188/1528/714 255/1616/738 230/1578/717
f 222/1531/716 195/1484/699 235/1617/718
f 222/1618/716 235/1536/718 234/1586/742
f 222/1531/716 234/1619/742 256/1620/765
f 239/1576/727 257/1621/766 258/1608/758
f 239/1576/727 258/1608/758 225/1530/715
f 231/1582/739 193/1486/668 192/1488/700
f 231/1582/739 192/1488/700 255/1579/738
f 231/1582/739 255/1579/738 289/1622/767
f 231/1582/739 289/1622/767 316/1623/768
f 259/1585/741 200/1490/670 199/1624/686
f 259/1585/741 199/1624/686 240/1625/749
f 259/1585/741 260/1626/769 234/1586/742
f 232/1584/740 198/1541/720 197/1538/669
f 263/1627/745 202/1493/656 201/1495/702
f 263/1627/745 201/1495/702 236/1588/744
f 203/1546/722 264/1545/721 295/1628/770
f 203/1546/722 295/1628/770 296/1629/771
f 203/1546/722 296/1629/771 265/1630/746
f 266/1593/747 204/1550/724 237/1549/723
f 266/1593/747 237/1549/723 265/1591/746
f 205/1554/726 238/1553/725 267/1631/772
f 205/1554/726 267/1631/772 298/1632/773
f 205/1554/726 298/1632/773 325/1633/774
f 270/1598/730 271/1634/775 241/1596/731
f 273/1594/748 206/1504/705 178/1503/704
f 273/1594/748 178/1503/704 245/1635/752
f 273/1594/748 245/1635/752 300/1636/776
f 273/1594/748 275/1637/777 240/1595/749
f 243/1600/751 211/1509/687 210/1511/707
f 243/1600/751 210/1511/707 246/1602/753
f 243/1600/751 246/1602/753 276/1638/778
f 243/1600/751 276/1638/778 245/1601/752
f 242/1599/750 208/1516/709 207/1515/708
f 249/1605/756 215/1520/711 214/1519/710
f 249/1605/756 337/1639/779 305/1640/780
f 249/1641/756 305/1642/780 278/1643/781
f 249/1641/756 278/1643/781 215/1522/711
f 213/1568/733 277/1603/754 303/1644/782
f 213/1568/733 303/1644/782 279/1645/783
f 213/1568/733 279/1645/783 250/1607/757
f 280/1604/755 217/1525/712 183/1570/692
f 280/1604/755 183/1570/692 250/1646/757
f 258/1608/758 283/1647/784 252/1577/737
f 254/1614/763 220/1573/736 218/1527/713
f 254/1614/763 218/1527/713 253/1613/762
f 254/1614/763 253/1613/762 284/1648/785
f 254/1614/763 284/1648/785 285/1615/764
f 311/1610/760 223/1574/735 222/1531/716
f 311/1610/760 222/1531/716 256/1620/765
f 234/1586/742 260/1626/769 314/1649/786
f 234/1619/742 314/1650/786 256/1620/765
f 228/1563/729 227/1562/728 342/1609/759
f 228/1651/729 342/1652/759 287/1653/787
f 228/1651/729 287/1653/787 288/1654/788
f 228/1651/729 288/1654/788 270/1655/730
f 255/1579/738 312/1656/789 289/1622/767
f 232/1657/740 231/1582/739 316/1623/768
f 232/1658/740 316/1659/768 317/1660/790
f 232/1658/740 317/1660/790 291/1661/791
f 240/1625/749 292/1662/792 259/1585/741
f 236/1588/744 261/1587/743 291/1663/791
f 236/1588/744 291/1663/791 318/1664/793
f 236/1665/744 318/1666/793 294/1667/794
f 236/1665/744 294/1667/794 263/1590/745
f 265/1591/746 364/1668/795 266/1593/747
f 267/1631/772 238/1553/725 266/1669/747
f 267/1631/772 266/1670/747 323/1671/796
f 267/1631/772 323/1671/796 298/1632/773
f 257/1672/766 239/1558/727 205/1554/726
f 257/1672/766 205/1554/726 325/1633/774
f 257/1673/766 325/1674/774 327/1675/797
f 257/1621/766 327/1676/797 299/1677/798
f 257/1621/766 299/1677/798 258/1608/758
f 300/1636/776 245/1635/752 276/1678/778
f 300/1636/776 301/1679/799 273/1594/748
f 242/1680/750 241/1596/731 271/1634/775
f 242/1680/750 271/1634/775 329/1681/800
f 246/1602/753 215/1522/711 278/1643/781
f 246/1602/753 278/1643/781 502/1682/801
f 246/1602/753 502/1682/801 302/1683/802
f 246/1602/753 302/1683/802 276/1638/778
f 277/1603/754 335/1684/803 303/1644/782
f 337/1639/779 249/1605/756 248/1569/734
f 337/1639/779 248/1569/734 280/1604/755
f 250/1685/757 279/1686/783 307/1687/804
f 250/1685/757 307/1687/804 280/1688/755
f 342/1609/759 252/1577/737 283/1647/784
f 342/1609/759 283/1647/784 340/1689/805
f 342/1652/759 532/1690/806 287/1653/787
f 282/1691/807 258/1608/758 299/1677/798
f 282/1691/807 299/1677/798 309/1692/808
f 282/1691/807 309/1692/808 340/1689/805
f 282/1691/807 340/1689/805 258/1608/758
f 253/1613/762 286/1693/761 343/1694/809
f 253/1613/762 343/1694/809 310/1695/810
f 253/1613/762 310/1695/810 284/1648/785
f 256/1620/765 314/1650/786 349/1696/811
f 256/1620/765 349/1696/811 311/1610/760
f 255/1616/738 285/1615/764 312/1697/789
f 260/1626/769 259/1585/741 292/1662/792
f 260/1626/769 292/1662/792 356/1698/812
f 260/1626/769 356/1698/812 314/1649/786
f 291/1661/791 261/1699/743 232/1658/740
f 291/1661/791 358/1700/813 318/1701/793
f 264/1545/721 263/1590/745 294/1667/794
f 264/1545/721 294/1667/794 360/1702/814
f 264/1545/721 360/1702/814 455/1703/815
f 264/1545/721 455/1703/815 295/1628/770
f 321/1704/816 265/1630/746 296/1629/771
f 321/1704/816 296/1629/771 362/1705/817
f 321/1706/816 573/1707/818 265/1591/746
f 266/1670/747 364/1708/795 323/1671/796
f 271/1634/775 270/1598/730 288/1709/788
f 271/1634/775 288/1709/788 329/1681/800
f 275/1637/777 273/1594/748 301/1679/799
f 275/1637/777 301/1679/799 367/1710/819
f 275/1637/777 367/1710/819 330/1711/820
f 275/1637/777 330/1711/820 240/1595/749
f 276/1678/778 302/1712/802 331/1713/821
f 276/1678/778 331/1713/821 300/1636/776
f 278/1643/781 305/1642/780 372/1714/822
f 278/1643/781 372/1714/822 502/1682/801
f 335/1684/803 277/1603/754 242/1599/750
f 335/1684/803 242/1599/750 329/1715/800
f 335/1716/803 329/1681/800 368/1717/823
f 335/1684/803 368/1718/823 369/1719/824
f 337/1720/779 280/1688/755 307/1687/804
f 279/1645/783 303/1644/782 391/1721/825
f 340/1689/805 283/1647/784 258/1608/758
f 286/1722/761 311/1723/760 561/1724/826
f 286/1722/761 561/1724/826 424/1725/827
f 286/1722/761 424/1725/827 343/1726/809
f 288/1654/788 287/1653/787 532/1690/806
f 288/1654/788 532/1690/806 416/1727/828
f 288/1709/788 416/1728/828 345/1729/829
f 288/1709/788 345/1729/829 329/1681/800
f 285/1615/764 284/1648/785 310/1695/810
f 285/1730/764 418/1731/830 312/1732/789
f 314/1733/786 432/1734/831 349/1735/811
f 299/1736/798 327/1737/797 478/1738/832
f 299/1736/798 478/1738/832 481/1739/833
f 299/1736/798 481/1739/833 352/1740/834
f 299/1677/798 352/1741/834 309/1692/808
f 289/1742/767 312/1743/789 429/1744/835
f 289/1742/767 429/1744/835 430/1745/836
f 289/1742/767 430/1745/836 354/1746/837
f 289/1742/767 354/1746/837 316/1747/768
f 292/1662/792 240/1625/749 330/1748/820
f 292/1662/792 330/1748/820 451/1749/838
f 292/1662/792 451/1749/838 356/1698/812
f 291/1661/791 317/1660/790 354/1750/837
f 291/1661/791 354/1750/837 449/1751/839
f 291/1661/791 449/1751/839 358/1700/813
f 362/1705/817 296/1629/771 295/1628/770
f 362/1705/817 295/1628/770 455/1703/815
f 364/1668/795 265/1591/746 573/1707/818
f 298/1752/773 323/1753/796 463/1754/840
f 298/1752/773 478/1755/832 325/1674/774
f 301/1679/799 300/1636/776 331/1713/821
f 301/1679/799 331/1713/821 493/1756/841
f 368/1717/823 329/1681/800 345/1729/829
f 305/1757/780 337/1720/779 738/1758/842
f 305/1642/780 738/1759/842 372/1714/822
f 375/1760/843 387/1761/844 374/1762/845
f 375/1760/843 378/1763/846 379/1764/847
f 380/1765/848 379/1766/847 392/1767/849
f 380/1765/848 389/1768/850 381/1769/851
f 380/1765/848 381/1769/851 379/1766/847
f 381/1770/851 384/1771/852 386/1772/853
f 381/1773/851 386/1774/853 375/1760/843
f 381/1773/851 375/1760/843 379/1764/847
f 387/1761/844 375/1760/843 386/1774/853
f 387/1761/844 386/1774/853 393/1775/854
f 386/1772/853 384/1771/852 489/1776/855
f 386/1772/853 489/1776/855 411/1777/856
f 388/1778/857 375/1760/843 374/1762/845
f 388/1778/857 398/1779/858 375/1760/843
f 392/1767/849 405/1780/859 389/1768/850
f 392/1767/849 389/1768/850 380/1765/848
f 374/1762/845 425/1781/860 388/1778/857
f 395/1782/861 381/1769/851 389/1768/850
f 395/1782/861 384/1783/852 381/1769/851
f 303/1644/782 335/1684/803 390/1784/862
f 303/1644/782 390/1784/862 520/1785/863
f 303/1644/782 520/1785/863 391/1721/825
f 378/1786/846 436/1787/864 444/1788/865
f 378/1786/846 444/1788/865 392/1767/849
f 378/1786/846 392/1767/849 379/1766/847
f 393/1775/854 394/1789/866 387/1761/844
f 384/1790/852 395/1791/861 427/1792/867
f 384/1771/852 427/1793/867 489/1776/855
f 307/1687/804 279/1686/783 391/1794/825
f 398/1795/858 436/1787/864 378/1786/846
f 398/1779/858 378/1796/846 375/1760/843
f 387/1761/844 394/1789/866 447/1797/868
f 387/1761/844 447/1797/868 461/1798/869
f 387/1761/844 461/1798/869 374/1762/845
f 395/1791/861 389/1799/850 401/1800/870
f 389/1768/850 405/1780/859 409/1801/871
f 411/1777/856 497/1802/872 393/1803/854
f 411/1777/856 393/1803/854 386/1772/853
f 412/1804/873 340/1689/805 309/1692/808
f 412/1804/873 309/1692/808 352/1741/834
f 412/1805/873 413/1806/874 340/1807/805
f 532/1690/806 342/1652/759 413/1806/874
f 310/1808/810 343/1809/809 559/1810/875
f 310/1808/810 559/1810/875 418/1731/830
f 310/1808/810 418/1731/830 285/1730/764
f 561/1724/826 311/1723/760 349/1735/811
f 561/1724/826 349/1735/811 423/1811/876
f 425/1781/860 374/1762/845 461/1798/869
f 425/1812/860 426/1813/877 388/1814/857
f 429/1744/835 312/1743/789 418/1815/830
f 432/1816/831 314/1649/786 356/1698/812
f 436/1787/864 398/1795/858 495/1817/878
f 436/1787/864 495/1817/878 435/1818/879
f 426/1813/877 546/1819/880 398/1820/858
f 426/1813/877 398/1820/858 388/1814/857
f 444/1788/865 436/1787/864 442/1821/881
f 444/1788/865 405/1780/859 392/1767/849
f 409/1822/871 540/1823/882 401/1800/870
f 409/1822/871 401/1800/870 389/1799/850
f 394/1824/866 393/1803/854 497/1802/872
f 394/1824/866 497/1802/872 446/1825/883
f 394/1824/866 446/1825/883 447/1826/868
f 354/1746/837 317/1827/790 316/1747/768
f 354/1746/837 430/1745/836 572/1828/884
f 354/1750/837 572/1829/884 449/1751/839
f 318/1701/793 358/1700/813 453/1830/885
f 318/1701/793 453/1830/885 701/1831/886
f 318/1701/793 701/1831/886 294/1832/794
f 455/1833/815 456/1834/887 362/1835/817
f 573/1836/818 321/1837/816 362/1835/817
f 573/1836/818 362/1835/817 456/1834/887
f 573/1838/818 458/1839/888 364/1840/795
f 447/1797/868 514/1841/889 461/1798/869
f 463/1754/840 323/1753/796 364/1842/795
f 478/1755/832 327/1675/797 325/1674/774
f 345/1843/829 416/1844/828 556/1845/890
f 345/1843/829 556/1845/890 482/1846/891
f 345/1729/829 482/1847/891 368/1717/823
f 425/1812/860 461/1848/869 483/1849/892
f 425/1812/860 483/1849/892 426/1813/877
f 405/1780/859 444/1788/865 511/1850/893
f 405/1780/859 511/1850/893 524/1851/894
f 405/1780/859 524/1851/894 486/1852/895
f 409/1801/871 405/1780/859 486/1852/895
f 409/1822/871 486/1853/895 540/1823/882
f 489/1776/855 490/1854/896 411/1777/856
f 493/1756/841 331/1713/821 302/1712/802
f 493/1855/841 302/1856/802 590/1857/897
f 493/1858/841 591/1859/898 301/1860/799
f 495/1861/878 398/1820/858 546/1819/880
f 497/1802/872 411/1777/856 490/1854/896
f 499/1862/899 427/1792/867 395/1791/861
f 499/1862/899 395/1791/861 518/1863/900
f 435/1864/879 442/1865/881 436/1866/864
f 461/1867/869 598/1868/901 538/1869/902
f 461/1867/869 538/1869/902 507/1870/903
f 461/1848/869 507/1871/903 483/1849/892
f 442/1865/881 548/1872/904 511/1873/893
f 442/1865/881 511/1873/893 444/1874/865
f 514/1875/889 447/1826/868 446/1825/883
f 514/1876/889 446/1877/883 522/1878/905
f 514/1876/889 522/1878/905 583/1879/906
f 401/1800/870 540/1823/882 518/1863/900
f 401/1800/870 518/1863/900 395/1791/861
f 390/1784/862 335/1684/803 369/1719/824
f 390/1880/862 369/1881/824 608/1882/907
f 390/1883/862 608/1884/907 610/1885/908
f 390/1886/862 610/1887/908 520/1888/863
f 337/1720/779 307/1687/804 530/1889/909
f 337/1720/779 530/1889/909 632/1890/910
f 337/1720/779 632/1890/910 738/1758/842
f 446/1825/883 497/1802/872 568/1891/911
f 446/1892/883 568/1893/911 603/1894/912
f 446/1892/883 603/1894/912 522/1878/905
f 524/1895/894 511/1873/893 550/1896/913
f 524/1895/894 525/1897/914 486/1898/895
f 490/1899/896 489/1900/855 620/1901/915
f 490/1899/896 620/1901/915 527/1902/916
f 490/1899/896 527/1902/916 605/1903/917
f 490/1854/896 605/1904/917 497/1802/872
f 391/1905/825 520/1906/863 635/1907/918
f 391/1794/825 635/1908/918 530/1889/909
f 391/1794/825 530/1889/909 307/1687/804
f 413/1806/874 342/1652/759 340/1807/805
f 495/1909/878 534/1910/919 592/1911/920
f 495/1912/878 592/1913/920 435/1864/879
f 598/1868/901 461/1867/869 514/1914/889
f 486/1853/895 525/1915/914 540/1823/882
f 542/1916/921 483/1849/892 507/1871/903
f 548/1872/904 588/1917/922 550/1896/913
f 548/1872/904 550/1896/913 511/1873/893
f 518/1863/900 540/1823/882 627/1918/923
f 518/1863/900 627/1918/923 687/1919/924
f 518/1920/900 687/1921/924 552/1922/925
f 518/1863/900 552/1923/925 499/1862/899
f 352/1740/834 481/1739/833 666/1924/926
f 352/1740/834 666/1924/926 553/1925/927
f 352/1926/834 553/1927/927 412/1805/873
f 416/1844/828 554/1928/928 556/1845/890
f 423/1811/876 349/1735/811 432/1734/831
f 423/1811/876 432/1734/831 560/1929/929
f 423/1811/876 560/1929/929 561/1724/826
f 418/1731/830 559/1810/875 655/1930/930
f 418/1815/830 655/1931/930 429/1744/835
f 435/1864/879 592/1913/920 563/1932/931
f 435/1864/879 563/1932/931 548/1872/904
f 435/1864/879 548/1872/904 442/1865/881
f 568/1891/911 497/1802/872 605/1904/917
f 356/1933/812 784/1934/932 432/1935/831
f 430/1745/836 668/1936/933 572/1828/884
f 456/1834/887 671/1937/934 672/1938/935
f 456/1834/887 672/1938/935 573/1836/818
f 458/1839/888 463/1754/840 364/1840/795
f 458/1839/888 678/1939/936 575/1940/937
f 458/1839/888 575/1940/937 463/1754/840
f 552/1941/925 427/1792/867 499/1862/899
f 552/1942/925 617/1943/938 620/1901/915
f 552/1942/925 620/1901/915 489/1900/855
f 552/1942/925 489/1900/855 427/1944/867
f 358/1700/813 805/1945/939 453/1830/885
f 360/1946/814 294/1832/794 701/1831/886
f 360/1946/814 701/1831/886 702/1947/940
f 360/1948/814 702/1949/940 579/1950/941
f 360/1948/814 579/1950/941 455/1951/815
f 583/1879/906 522/1878/905 639/1952/942
f 477/1953/943 478/1755/832 298/1752/773
f 477/1953/943 298/1752/773 463/1754/840
f 477/1953/943 463/1754/840 704/1954/944
f 477/1953/943 704/1954/944 705/1955/945
f 477/1956/943 705/1957/945 908/1958/946
f 477/1956/943 908/1958/946 478/1959/832
f 367/1960/819 301/1860/799 591/1859/898
f 367/1960/819 591/1859/898 709/1961/947
f 367/1960/819 709/1961/947 586/1962/948
f 367/1960/819 586/1962/948 330/1963/820
f 524/1895/894 550/1896/913 588/1917/922
f 524/1895/894 588/1917/922 637/1964/949
f 524/1965/894 637/1966/949 768/1967/950
f 524/1965/894 768/1967/950 525/1968/914
f 590/1857/897 302/1856/802 720/1969/951
f 590/1857/897 591/1970/898 493/1855/841
f 593/1971/952 546/1972/880 542/1973/921
f 593/1971/952 594/1974/953 534/1975/919
f 593/1971/952 534/1975/919 546/1972/880
f 507/1870/903 538/1869/902 650/1976/954
f 507/1977/903 650/1978/954 653/1979/955
f 507/1977/903 653/1979/955 542/1973/921
f 598/1868/901 514/1914/889 583/1980/906
f 598/1868/901 583/1980/906 664/1981/956
f 605/1982/917 682/1983/957 606/1984/958
f 605/1982/917 606/1984/958 568/1985/911
f 588/1917/922 548/1872/904 563/1932/931
f 588/1917/922 563/1932/931 607/1986/959
f 608/1882/907 369/1881/824 368/1717/823
f 608/1987/907 368/1988/823 482/1846/891
f 372/1989/822 738/1758/842 739/1990/960
f 372/1989/822 739/1990/960 502/1991/801
f 563/1992/931 750/1993/961 754/1994/962
f 712/1995/963 540/1823/882 525/1915/914
f 617/1996/938 552/1922/925 616/1997/964
f 617/1943/938 619/1998/965 620/1901/915
f 620/1901/915 619/1998/965 527/1902/916
f 413/1806/874 412/1805/873 553/1927/927
f 413/1806/874 553/1927/927 725/1999/966
f 413/1806/874 725/1999/966 623/2000/967
f 554/2001/928 416/1727/828 532/1690/806
f 554/2001/928 532/1690/806 692/2002/968
f 554/2001/928 692/2002/968 694/2003/969
f 627/1918/923 540/1823/882 712/1995/963
f 627/1918/923 712/1995/963 615/2004/970
f 687/1921/924 616/1997/964 552/1922/925
f 530/1889/909 765/2005/971 632/1890/910
f 606/2006/958 741/2007/972 603/1894/912
f 606/2006/958 603/1894/912 568/1893/911
f 520/1906/863 761/2008/973 635/1907/918
f 637/1964/949 588/1917/922 607/1986/959
f 639/1952/942 522/1878/905 603/1894/912
f 639/1952/942 679/2009/974 740/2010/975
f 639/1952/942 740/2010/975 664/2011/956
f 424/1725/827 561/1724/826 642/2012/976
f 424/1725/827 642/2012/976 771/2013/977
f 424/1725/827 771/2013/977 643/2014/978
f 424/1725/827 643/2014/978 343/1726/809
f 594/2015/953 727/2016/979 534/2017/919
f 592/2018/920 822/2019/980 750/1993/961
f 592/2018/920 750/1993/961 563/1992/931
f 650/1976/954 538/1869/902 598/1868/901
f 559/1810/875 882/2020/981 769/2021/982
f 559/1810/875 769/2021/982 655/1930/930
f 560/2022/929 432/1935/831 784/1934/932
f 560/2022/929 784/1934/932 657/2023/983
f 593/1971/952 542/1973/921 659/2024/984
f 593/1971/952 659/2024/984 660/2025/985
f 593/1971/952 660/2025/985 594/1974/953
f 542/1973/921 653/1979/955 659/2024/984
f 664/1981/956 583/1980/906 639/2026/942
f 481/2027/833 478/1959/832 908/1958/946
f 481/2027/833 908/1958/946 801/2028/986
f 481/1739/833 801/2029/986 666/1924/926
f 668/1936/933 430/1745/836 429/1744/835
f 668/1936/933 429/1744/835 655/1931/930
f 671/1937/934 456/1834/887 455/1833/815
f 671/1937/934 455/1833/815 579/2030/941
f 754/2031/962 607/1986/959 563/1932/931
f 607/1986/959 811/2032/987 675/2033/988
f 607/1986/959 675/2033/988 637/1964/949
f 678/1939/936 458/1839/888 573/1838/818
f 678/2034/936 573/1836/818 789/2035/989
f 679/2009/974 603/1894/912 741/2007/972
f 679/2009/974 639/1952/942 603/1894/912
f 682/1983/957 605/1982/917 680/2036/990
f 682/1983/957 683/2037/991 606/1984/958
f 687/2038/924 627/2039/923 794/2040/992
f 687/2038/924 794/2040/992 841/2041/993
f 687/1921/924 689/2042/994 616/1997/964
f 482/1846/891 556/1845/890 691/2043/995
f 482/1846/891 691/2043/995 608/1987/907
f 692/2002/968 532/1690/806 413/1806/874
f 692/2002/968 413/1806/874 623/2000/967
f 451/2044/838 330/1963/820 586/1962/948
f 451/2045/838 586/2046/948 697/2047/996
f 451/2045/838 697/2047/996 356/1933/812
f 449/1751/839 572/1829/884 787/2048/997
f 449/1751/839 787/2048/997 699/2049/998
f 449/1751/839 699/2049/998 358/1700/813
f 701/1831/886 453/1830/885 805/1945/939
f 704/1954/944 463/1754/840 575/1940/937
f 704/1954/944 575/1940/937 817/2050/999
f 619/1998/965 617/1943/938 745/2051/1000
f 619/1998/965 745/2051/1000 706/2052/1001
f 619/1998/965 706/2052/1001 772/2053/1002
f 619/1998/965 772/2053/1002 527/1902/916
f 772/2054/1002 680/2055/990 605/2056/917
f 772/2053/1002 605/1903/917 527/1902/916
f 591/1859/898 836/2057/1003 709/1961/947
f 712/2058/963 525/1968/914 768/1967/950
f 712/2058/963 768/1967/950 904/2059/1004
f 712/2058/963 904/2059/1004 816/2060/1005
f 615/2061/970 712/2062/963 816/2063/1005
f 615/2061/970 794/2040/992 627/2039/923
f 556/1845/890 554/1928/928 694/2064/969
f 556/1845/890 694/2064/969 718/2065/1006
f 556/1845/890 718/2065/1006 691/2043/995
f 720/1969/951 302/1856/802 502/2066/801
f 720/1969/951 502/2066/801 739/2067/960
f 720/1969/951 913/2068/1007 590/1857/897
f 637/1966/949 675/2069/988 793/2070/1008
f 637/1966/949 793/2070/1008 722/2071/1009
f 553/1925/927 666/1924/926 834/2072/1010
f 553/1925/927 834/2072/1010 724/2073/1011
f 553/1927/927 724/2074/1011 725/1999/966
f 727/2016/979 822/2019/980 592/2018/920
f 727/2016/979 592/2018/920 534/2017/919
f 750/1993/961 822/2019/980 824/2075/1012
f 659/2024/984 653/1979/955 828/2076/1013
f 659/2024/984 828/2076/1013 838/2077/1014
f 650/1978/954 598/2078/901 664/2079/956
f 650/1978/954 664/2079/956 760/2080/1015
f 650/1978/954 760/2080/1015 734/2081/1016
f 679/2009/974 813/2082/1017 740/2010/975
f 741/2083/972 606/1984/958 683/2037/991
f 741/2083/972 683/2037/991 782/2084/1018
f 689/2085/994 687/2038/924 743/2086/1019
f 689/2042/994 743/2087/1019 745/2088/1000
f 689/2042/994 745/2088/1000 617/1996/938
f 689/2042/994 617/1996/938 616/1997/964
f 623/2000/967 725/1999/966 746/2089/1020
f 623/2000/967 746/2089/1020 692/2002/968
f 754/1994/962 750/1993/961 752/2090/1021
f 811/2091/987 607/2092/959 754/1994/962
f 740/2093/975 760/2094/1015 664/1981/956
f 761/2095/973 520/1888/863 610/1887/908
f 761/2008/973 762/2096/1022 635/1907/918
f 694/2064/969 835/2097/1023 764/2098/1024
f 694/2064/969 764/2098/1024 718/2065/1006
f 765/2005/971 530/1889/909 635/1908/918
f 765/2099/971 635/1907/918 762/2096/1022
f 768/1967/950 637/1966/949 722/2071/1009
f 768/1967/950 722/2071/1009 767/2100/1025
f 882/2020/981 559/1810/875 343/1809/809
f 882/2020/981 343/1809/809 643/2101/978
f 642/2012/976 561/1724/826 560/1929/929
f 642/2012/976 560/1929/929 657/2102/983
f 642/2012/976 657/2102/983 883/2103/1026
f 642/2012/976 883/2103/1026 884/2104/1027
f 642/2012/976 884/2104/1027 771/2013/977
f 772/2105/1002 859/2106/1028 774/2107/1029
f 772/2105/1002 774/2107/1029 680/2108/990
f 774/2107/1029 682/2109/957 680/2108/990
f 835/2110/1023 694/2003/969 692/2002/968
f 835/2110/1023 692/2002/968 746/2089/1020
f 835/2110/1023 746/2089/1020 821/2111/1030
f 835/2097/1023 851/2112/1031 764/2098/1024
f 655/1931/930 886/2113/1032 779/2114/1033
f 655/1931/930 779/2114/1033 668/1936/933
f 679/2115/974 741/2116/972 854/2117/1034
f 679/2115/974 854/2117/1034 839/2118/1035
f 679/2115/974 839/2118/1035 813/2119/1017
f 683/2037/991 682/1983/957 774/2120/1029
f 683/2037/991 774/2120/1029 871/2121/1036
f 683/2037/991 871/2121/1036 782/2084/1018
f 784/1934/932 356/1933/812 697/2047/996
f 572/1828/884 668/1936/933 953/2122/1037
f 579/2123/941 702/2124/940 788/2125/1038
f 579/2126/941 788/2127/1038 671/2128/934
f 789/2035/989 573/1836/818 672/1938/935
f 789/2035/989 672/1938/935 788/2129/1038
f 789/2035/989 790/2130/1039 678/2034/936
f 793/2070/1008 675/2069/988 811/2131/987
f 793/2070/1008 811/2131/987 791/2132/1040
f 794/2040/992 615/2061/970 816/2063/1005
f 794/2040/992 816/2063/1005 923/2133/1041
f 794/2040/992 923/2133/1041 796/2134/1042
f 794/2040/992 796/2134/1042 841/2041/993
f 745/2088/1000 743/2087/1019 797/2135/1043
f 745/2088/1000 797/2135/1043 798/2136/1044
f 745/2051/1000 798/2137/1044 843/2138/1045
f 745/2051/1000 843/2138/1045 706/2052/1001
f 586/1962/948 709/1961/947 802/2139/1046
f 586/1962/948 802/2139/1046 803/2140/1047
f 586/1962/948 803/2140/1047 697/2141/996
f 805/1945/939 358/1700/813 699/2049/998
f 805/2142/939 973/2143/1048 701/2144/886
f 752/2145/1021 806/2146/1049 808/2147/1050
f 752/2145/1021 808/2147/1050 811/2148/987
f 752/2090/1021 811/2091/987 754/1994/962
f 760/2080/1015 812/2149/1051 734/2081/1016
f 817/2050/999 575/1940/937 678/1939/936
f 817/2050/999 818/2150/1052 704/1954/944
f 725/2151/966 724/2073/1011 880/2152/1053
f 725/2151/966 880/2152/1053 821/2153/1030
f 725/1999/966 821/2111/1030 746/2089/1020
f 822/2154/980 727/2155/979 826/2156/1054
f 660/2157/985 826/2156/1054 727/2155/979
f 660/2157/985 727/2155/979 594/2158/953
f 750/1993/961 946/2159/1055 896/2160/1056
f 828/2076/1013 653/1979/955 650/1978/954
f 828/2076/1013 650/1978/954 734/2081/1016
f 828/2076/1013 734/2081/1016 812/2149/1051
f 610/1887/908 608/2161/907 691/2162/995
f 610/1887/908 691/2162/995 829/2163/1057
f 610/2164/908 830/2165/1058 761/2008/973
f 834/2072/1010 666/1924/926 801/2029/986
f 834/2072/1010 801/2029/986 833/2166/1059
f 836/2167/1003 591/1970/898 590/1857/897
f 836/2167/1003 590/1857/897 913/2068/1007
f 836/2057/1003 837/2168/1060 709/1961/947
f 838/2077/1014 660/2025/985 659/2024/984
f 841/2041/993 797/2169/1043 743/2086/1019
f 841/2041/993 743/2086/1019 687/2038/924
f 739/2067/960 916/2170/1061 720/1969/951
f 843/2138/1045 845/2171/1062 772/2053/1002
f 843/2138/1045 772/2053/1002 706/2052/1001
f 847/2172/1063 821/2173/1030 849/2174/1064
f 847/2175/1063 851/2112/1031 835/2097/1023
f 847/2172/1063 835/2176/1023 821/2173/1030
f 849/2177/1064 821/2111/1030 848/2178/1065
f 767/2100/1025 722/2071/1009 793/2070/1008
f 767/2179/1025 793/2180/1008 918/2181/1066
f 767/2179/1025 918/2181/1066 852/2182/1067
f 741/2083/972 782/2084/1018 905/2183/1068
f 741/2083/972 905/2183/1068 937/2184/1069
f 741/2116/972 937/2185/1069 854/2117/1034
f 859/2106/1028 772/2105/1002 845/2186/1062
f 859/2106/1028 845/2186/1062 857/2187/1070
f 849/2174/1064 845/2171/1062 843/2138/1045
f 849/2174/1064 843/2138/1045 798/2137/1044
f 849/2174/1064 798/2137/1044 847/2172/1063
f 829/2163/1057 691/2162/995 718/2188/1006
f 829/2163/1057 718/2188/1006 860/2189/1071
f 829/2163/1057 860/2189/1071 862/2190/1072
f 829/2163/1057 862/2190/1072 610/1887/908
f 718/2065/1006 764/2098/1024 851/2112/1031
f 718/2188/1006 851/2191/1031 932/2192/1073
f 718/2188/1006 932/2192/1073 860/2189/1071
f 632/1890/910 765/2005/971 940/2193/1074
f 632/1890/910 940/2193/1074 866/2194/1075
f 632/1890/910 866/2194/1075 738/1758/842
f 797/2169/1043 841/2041/993 867/2195/1076
f 797/2169/1043 867/2195/1076 850/2196/1077
f 797/2169/1043 850/2196/1077 847/2197/1063
f 847/2175/1063 798/2136/1044 797/2135/1043
f 859/2106/1028 857/2187/1070 871/2198/1036
f 859/2199/1028 871/2121/1036 774/2120/1029
f 845/2186/1062 849/2200/1064 872/2201/1078
f 845/2186/1062 872/2201/1078 857/2187/1070
f 848/2202/1065 909/2203/1079 872/2201/1078
f 848/2202/1065 872/2201/1078 849/2200/1064
f 791/2204/1040 933/2205/1080 918/2206/1066
f 813/2207/1017 921/2208/1081 934/2209/1082
f 813/2207/1017 934/2209/1082 878/2210/1083
f 813/2207/1017 878/2210/1083 740/2211/975
f 760/2212/1015 740/2211/975 878/2210/1083
f 760/2212/1015 878/2210/1083 812/2213/1051
f 762/2096/1022 930/2214/1084 879/2215/1085
f 762/2096/1022 879/2215/1085 765/2216/971
f 880/2152/1053 724/2073/1011 834/2072/1010
f 880/2152/1053 915/2217/1086 848/2218/1065
f 880/2219/1053 848/2202/1065 821/2220/1030
f 643/2014/978 771/2013/977 941/2221/1087
f 643/2014/978 941/2221/1087 942/2222/1088
f 643/2014/978 942/2222/1088 882/2223/981
f 883/2224/1026 657/2023/983 784/1934/932
f 883/2224/1026 784/1934/932 964/2225/1089
f 886/2226/1032 655/1930/930 769/2021/982
f 886/2226/1032 769/2021/982 885/2227/1090
f 808/2147/1050 806/2146/1049 888/2228/1091
f 808/2147/1050 888/2228/1091 811/2148/987
f 811/2148/987 888/2228/1091 791/2204/1040
f 812/2229/1051 890/2230/1092 828/2231/1013
f 813/2119/1017 839/2118/1035 921/2232/1081
f 850/2196/1077 867/2195/1076 892/2233/1093
f 850/2234/1077 851/2112/1031 847/2175/1063
f 824/2235/1012 822/2154/980 894/2236/1094
f 824/2235/1012 894/2236/1094 946/2237/1055
f 824/2238/1012 946/2239/1055 750/2240/961
f 896/2241/1056 806/2146/1049 752/2145/1021
f 896/2160/1056 752/2090/1021 750/1993/961
f 854/2117/1034 937/2185/1069 920/2242/1095
f 854/2117/1034 920/2242/1095 839/2118/1035
f 697/2047/996 803/2243/1047 968/2244/1096
f 697/2047/996 968/2244/1096 899/2245/1097
f 697/2047/996 899/2245/1097 784/1934/932
f 953/2122/1037 668/1936/933 779/2114/1033
f 953/2122/1037 900/2246/1098 572/1828/884
f 702/2124/940 701/2144/886 973/2143/1048
f 702/2124/940 973/2143/1048 974/2247/1099
f 702/2124/940 974/2247/1099 901/2248/1100
f 702/2124/940 901/2248/1100 788/2125/1038
f 788/2129/1038 672/1938/935 671/1937/934
f 788/2129/1038 901/2249/1100 902/2250/1101
f 788/2129/1038 902/2250/1101 789/2035/989
f 660/2025/985 838/2077/1014 826/2251/1054
f 678/2252/936 790/2253/1039 977/2254/1102
f 678/1939/936 977/2255/1102 903/2256/1103
f 678/1939/936 903/2256/1103 817/2050/999
f 904/2257/1004 768/2258/950 767/2179/1025
f 904/2257/1004 767/2179/1025 852/2182/1067
f 904/2257/1004 852/2182/1067 919/2259/1104
f 782/2084/1018 871/2121/1036 983/2260/1105
f 782/2084/1018 983/2260/1105 905/2183/1068
f 705/1955/945 704/1954/944 818/2150/1052
f 857/2187/1070 872/2201/1078 909/2203/1079
f 857/2187/1070 909/2203/1079 926/2261/1106
f 857/2187/1070 926/2261/1106 871/2198/1036
f 909/2203/1079 848/2202/1065 915/2262/1086
f 892/2263/1093 851/2191/1031 850/2264/1077
f 699/2265/998 787/2266/997 900/2267/1098
f 699/2265/998 900/2267/1098 971/2268/1107
f 699/2265/998 971/2268/1107 1084/2269/1108
f 699/2265/998 1084/2269/1108 805/2270/939
f 802/2139/1046 709/1961/947 837/2168/1060
f 802/2139/1046 837/2168/1060 986/2271/1109
f 922/2272/1110 816/2273/1005 904/2257/1004
f 833/2274/1059 801/2028/986 908/1958/946
f 833/2274/1059 908/1958/946 911/2275/1111
f 833/2274/1059 911/2275/1111 912/2276/1112
f 833/2166/1059 912/2277/1112 880/2152/1053
f 833/2166/1059 880/2152/1053 834/2072/1010
f 913/2068/1007 720/1969/951 916/2170/1061
f 913/2068/1007 916/2170/1061 993/2278/1113
f 915/2217/1086 880/2152/1053 912/2277/1112
f 915/2217/1086 912/2277/1112 914/2279/1114
f 739/1990/960 738/1758/842 866/2194/1075
f 739/2280/960 866/2281/1075 1050/2282/1115
f 739/2067/960 1050/2283/1115 916/2170/1061
f 918/2181/1066 793/2180/1008 791/2284/1040
f 918/2181/1066 919/2259/1104 852/2182/1067
f 839/2285/1035 920/2286/1095 921/2208/1081
f 922/2287/1110 904/2288/1004 1057/2289/1116
f 922/2287/1110 1057/2289/1116 1030/2290/1117
f 922/2287/1110 923/2133/1041 816/2063/1005
f 923/2133/1041 922/2287/1110 924/2291/1118
f 923/2133/1041 924/2291/1118 925/2292/1119
f 923/2133/1041 925/2292/1119 796/2134/1042
f 925/2292/1119 924/2291/1118 927/2293/1120
f 925/2292/1119 927/2294/1120 867/2195/1076
f 925/2292/1119 867/2195/1076 841/2041/993
f 925/2292/1119 841/2041/993 796/2134/1042
f 930/2214/1084 762/2096/1022 761/2008/973
f 930/2214/1084 761/2008/973 830/2165/1058
f 930/2214/1084 830/2165/1058 948/2295/1121
f 892/2263/1093 991/2296/1122 931/2297/1123
f 892/2263/1093 931/2297/1123 932/2192/1073
f 892/2263/1093 932/2192/1073 851/2191/1031
f 888/2228/1091 938/2298/1124 1037/2299/1125
f 888/2228/1091 1037/2299/1125 933/2205/1080
f 888/2228/1091 933/2205/1080 791/2204/1040
f 937/2184/1069 905/2183/1068 936/2300/1126
f 806/2301/1049 896/2302/1056 938/2303/1124
f 997/2304/1127 812/2213/1051 878/2210/1083
f 940/2193/1074 765/2005/971 879/2305/1085
f 940/2193/1074 879/2305/1085 939/2306/1128
f 941/2221/1087 771/2013/977 884/2104/1027
f 941/2221/1087 884/2104/1027 965/2307/1129
f 885/2227/1090 769/2021/982 882/2020/981
f 885/2227/1090 882/2020/981 1065/2308/1130
f 885/2227/1090 1065/2308/1130 1009/2309/1131
f 885/2227/1090 1009/2309/1131 886/2226/1032
f 895/2310/1132 943/2311/1133 945/2312/1134
f 895/2310/1132 945/2312/1134 894/2236/1094
f 895/2310/1132 894/2236/1094 822/2154/980
f 895/2310/1132 822/2154/980 826/2156/1054
f 890/2313/1092 838/2077/1014 828/2076/1013
f 927/2314/1120 892/2263/1093 867/2315/1076
f 830/2316/1058 610/1887/908 862/2190/1072
f 830/2316/1058 862/2190/1072 932/2192/1073
f 830/2316/1058 932/2192/1073 948/2317/1121
f 932/2192/1073 862/2190/1072 860/2189/1071
f 779/2318/1033 886/2226/1032 1012/2319/1135
f 826/2320/1054 838/2321/1014 943/2322/1133
f 920/2242/1095 937/2185/1069 956/2323/1136
f 915/2324/1086 914/2325/1114 959/2326/1137
f 915/2324/1086 959/2326/1137 960/2327/1138
f 915/2324/1086 960/2327/1138 961/2328/1139
f 915/2217/1086 961/2329/1139 909/2330/1079
f 964/2225/1089 784/1934/932 899/2245/1097
f 964/2225/1089 965/2331/1129 883/2224/1026
f 909/2203/1079 961/2332/1139 995/2333/1140
f 909/2334/1079 995/2335/1140 926/2336/1106
f 803/2140/1047 802/2139/1046 986/2271/1109
f 900/2337/1098 787/2048/997 572/1829/884
f 900/2267/1098 970/2338/1141 1022/2339/1142
f 900/2267/1098 1022/2339/1142 971/2268/1107
f 973/2143/1048 805/2142/939 1084/2340/1108
f 790/2130/1039 789/2035/989 902/2250/1101
f 818/2150/1052 817/2050/999 903/2256/1103
f 818/2150/1052 903/2256/1103 978/2341/1143
f 818/2342/1052 978/2343/1143 979/2344/1144
f 818/2342/1052 979/2344/1144 705/1957/945
f 983/2260/1105 871/2121/1036 926/2336/1106
f 983/2260/1105 926/2336/1106 981/2345/1145
f 983/2260/1105 936/2300/1126 905/2183/1068
f 911/2275/1111 908/1958/946 705/1957/945
f 911/2275/1111 705/1957/945 979/2344/1144
f 911/2275/1111 979/2344/1144 959/2326/1137
f 911/2275/1111 959/2326/1137 914/2325/1114
f 911/2275/1111 914/2325/1114 912/2276/1112
f 837/2168/1060 836/2057/1003 913/2346/1007
f 837/2168/1060 913/2346/1007 985/2347/1146
f 837/2168/1060 985/2347/1146 986/2271/1109
f 933/2205/1080 1029/2348/1147 917/2349/1148
f 933/2205/1080 917/2349/1148 918/2206/1066
f 934/2350/1082 921/2351/1081 1046/2352/1149
f 1057/2353/1116 904/2257/1004 919/2259/1104
f 927/2314/1120 924/2354/1118 1032/2355/1150
f 927/2314/1120 1032/2355/1150 991/2296/1122
f 927/2314/1120 991/2296/1122 892/2263/1093
f 938/2303/1124 1045/2356/1151 1037/2357/1125
f 938/2298/1124 888/2228/1091 806/2146/1049
f 995/2335/1140 981/2345/1145 926/2336/1106
f 997/2304/1127 878/2210/1083 1102/2358/1152
f 866/2194/1075 940/2193/1074 1062/2359/1153
f 866/2360/1075 1062/2361/1153 1050/2362/1115
f 894/2363/1094 945/2364/1134 1000/2365/1154
f 946/2366/1055 1000/2367/1154 1001/2368/1155
f 946/2366/1055 1001/2368/1155 938/2303/1124
f 946/2366/1055 938/2303/1124 896/2302/1056
f 1002/2369/1156 890/2230/1092 812/2229/1051
f 1002/2369/1156 812/2229/1051 997/2370/1127
f 943/2322/1133 1003/2371/1157 1004/2372/1158
f 943/2373/1133 895/2310/1132 826/2156/1054
f 838/2321/1014 890/2230/1092 1003/2371/1157
f 838/2321/1014 1003/2371/1157 943/2322/1133
f 930/2214/1084 948/2295/1121 1005/2374/1159
f 930/2214/1084 1005/2374/1159 879/2215/1085
f 1065/2308/1130 882/2020/981 942/2375/1088
f 1065/2376/1130 942/2377/1088 1011/2378/1160
f 965/2307/1129 884/2104/1027 883/2103/1026
f 965/2379/1129 1010/2380/1161 1011/2378/1160
f 965/2379/1129 1011/2378/1160 941/2381/1087
f 1012/2319/1135 886/2226/1032 1009/2309/1131
f 1012/2382/1135 1013/2383/1162 779/2384/1033
f 956/2323/1136 937/2185/1069 936/2385/1126
f 956/2323/1136 936/2385/1126 1014/2386/1163
f 956/2323/1136 1014/2386/1163 1015/2387/1164
f 983/2388/1105 981/2389/1145 1072/2390/1165
f 983/2388/1105 1072/2390/1165 1014/2391/1163
f 983/2388/1105 1014/2391/1163 936/2392/1126
f 931/2393/1123 991/2394/1122 1019/2395/1166
f 931/2393/1123 1019/2395/1166 948/2295/1121
f 931/2297/1123 948/2317/1121 932/2192/1073
f 899/2245/1097 968/2244/1096 1081/2396/1167
f 899/2245/1097 1081/2396/1167 1082/2397/1168
f 899/2245/1097 1082/2397/1168 1020/2398/1169
f 899/2245/1097 1020/2398/1169 964/2225/1089
f 970/2338/1141 900/2267/1098 953/2399/1037
f 970/2338/1141 953/2399/1037 1070/2400/1170
f 970/2338/1141 1070/2400/1170 1022/2339/1142
f 902/2401/1101 901/2402/1100 1076/2403/1171
f 902/2401/1101 1076/2403/1171 1078/2404/1172
f 902/2405/1101 1078/2406/1172 790/2253/1039
f 921/2407/1081 920/2242/1095 956/2323/1136
f 921/2351/1081 956/2408/1136 1015/2409/1164
f 921/2351/1081 1015/2409/1164 1091/2410/1173
f 1084/2269/1108 1026/2411/1174 973/2412/1048
f 901/2248/1100 974/2247/1099 1026/2413/1174
f 901/2248/1100 1026/2413/1174 1028/2414/1175
f 918/2206/1066 917/2349/1148 1029/2348/1147
f 918/2415/1066 1029/2416/1147 1079/2417/1176
f 918/2415/1066 1079/2417/1176 919/2418/1104
f 1030/2419/1117 1031/2420/1177 1032/2421/1150
f 1030/2290/1117 1032/2422/1150 924/2291/1118
f 1030/2290/1117 924/2291/1118 922/2287/1110
f 986/2271/1109 1098/2423/1178 1034/2424/1179
f 986/2271/1109 1034/2424/1179 803/2140/1047
f 1029/2348/1147 933/2205/1080 1085/2425/1180
f 1029/2348/1147 1085/2425/1180 1087/2426/1181
f 903/2427/1103 977/2254/1102 1088/2428/1182
f 903/2427/1103 1088/2428/1182 1089/2429/1183
f 903/2256/1103 1089/2430/1183 978/2341/1143
f 995/2431/1140 961/2328/1139 1074/2432/1184
f 995/2431/1140 1074/2432/1184 1036/2433/1185
f 995/2431/1140 1036/2433/1185 981/2389/1145
f 1037/2299/1125 1085/2425/1180 933/2205/1080
f 1005/2374/1159 948/2295/1121 1019/2395/1166
f 1005/2374/1159 1019/2395/1166 1122/2434/1186
f 1005/2374/1159 1122/2434/1186 1038/2435/1187
f 1005/2374/1159 1038/2435/1187 1039/2436/1188
f 1005/2374/1159 1039/2436/1188 879/2215/1085
f 978/2341/1143 1089/2430/1183 1040/2437/1189
f 978/2343/1143 1040/2438/1189 979/2344/1144
f 960/2327/1138 959/2326/1137 979/2344/1144
f 960/2327/1138 979/2344/1144 1042/2439/1190
f 960/2327/1138 1042/2439/1190 1074/2432/1184
f 985/2347/1146 913/2346/1007 993/2440/1113
f 985/2441/1146 993/2442/1113 1105/2443/1191
f 985/2444/1146 1105/2445/1191 1044/2446/1192
f 1001/2368/1155 1100/2447/1193 1189/2448/1194
f 1001/2368/1155 1189/2448/1194 1045/2356/1151
f 1001/2368/1155 1045/2356/1151 938/2303/1124
f 1047/2449/1195 878/2210/1083 934/2209/1082
f 1047/2449/1195 1102/2358/1152 878/2210/1083
f 1046/2450/1149 1047/2449/1195 934/2209/1082
f 1000/2367/1154 1143/2451/1196 1100/2447/1193
f 1000/2367/1154 946/2366/1055 894/2452/1094
f 1050/2453/1115 1051/2454/1197 916/2455/1061
f 1002/2369/1156 997/2370/1127 1102/2456/1152
f 1002/2369/1156 1102/2456/1152 1109/2457/1198
f 1002/2369/1156 1109/2457/1198 1054/2458/1199
f 1002/2369/1156 1054/2458/1199 890/2230/1092
f 1057/2353/1116 919/2259/1104 1056/2459/1200
f 1074/2432/1184 961/2328/1139 960/2327/1138
f 1004/2460/1158 1059/2461/1201 945/2364/1134
f 1004/2460/1158 945/2364/1134 943/2462/1133
f 1003/2371/1157 890/2230/1092 1054/2458/1199
f 1062/2359/1153 940/2193/1074 939/2306/1128
f 1062/2359/1153 939/2306/1128 1175/2463/1202
f 1011/2378/1160 942/2377/1088 941/2381/1087
f 1011/2378/1160 1118/2464/1203 1064/2465/1204
f 1011/2378/1160 1064/2465/1204 1065/2376/1130
f 1009/2466/1131 1067/2467/1205 1068/2468/1206
f 1009/2466/1131 1068/2468/1206 1012/2469/1135
f 1039/2470/1188 1175/2463/1202 939/2306/1128
f 1039/2470/1188 939/2306/1128 879/2305/1085
f 1010/2471/1161 965/2331/1129 964/2225/1089
f 1010/2471/1161 964/2225/1089 1020/2398/1169
f 1010/2380/1161 1020/2472/1169 1069/2473/1207
f 1070/2400/1170 953/2399/1037 779/2384/1033
f 1070/2400/1170 779/2384/1033 1013/2383/1162
f 1072/2390/1165 981/2389/1145 1036/2433/1185
f 1072/2390/1165 1036/2433/1185 1071/2474/1208
f 1032/2421/1150 1031/2420/1177 1080/2475/1209
f 1032/2421/1150 1080/2475/1209 991/2394/1122
f 1042/2439/1190 979/2344/1144 1040/2438/1189
f 1042/2439/1190 1040/2438/1189 1195/2476/1210
f 1042/2439/1190 1195/2476/1210 1074/2432/1184
f 1026/2413/1174 974/2247/1099 973/2143/1048
f 1026/2477/1174 1130/2478/1211 1075/2479/1212
f 1026/2413/1174 1075/2480/1212 1028/2414/1175
f 1076/2403/1171 901/2402/1100 1028/2481/1175
f 1079/2482/1176 1056/2483/1200 919/2484/1104
f 1080/2475/1209 1019/2395/1166 991/2394/1122
f 1081/2396/1167 968/2244/1096 803/2243/1047
f 1081/2396/1167 803/2243/1047 1034/2485/1179
f 1084/2269/1108 971/2268/1107 1022/2339/1142
f 1084/2269/1108 1022/2339/1142 1083/2486/1213
f 1085/2487/1180 1086/2488/1214 1087/2489/1181
f 1087/2489/1181 1179/2490/1215 1079/2417/1176
f 1079/2417/1176 1029/2416/1147 1087/2489/1181
f 1088/2428/1182 977/2254/1102 790/2253/1039
f 1088/2428/1182 790/2253/1039 1078/2406/1172
f 1091/2410/1173 1046/2352/1149 921/2351/1081
f 1014/2386/1163 1072/2491/1165 1092/2492/1216
f 1014/2493/1163 1092/2494/1216 1015/2409/1164
f 1045/2356/1151 1140/2495/1217 1037/2357/1125
f 1037/2496/1125 1140/2497/1217 1094/2498/1218
f 1037/2496/1125 1094/2498/1218 1085/2487/1180
f 1096/2499/1219 1057/2353/1116 1056/2459/1200
f 1096/2499/1219 1030/2500/1117 1057/2353/1116
f 1071/2474/1208 1036/2433/1185 1074/2432/1184
f 1098/2423/1178 986/2271/1109 985/2347/1146
f 1098/2423/1178 985/2347/1146 1044/2501/1192
f 1100/2447/1193 1001/2368/1155 1000/2367/1154
f 1047/2502/1195 1101/2503/1220 1102/2504/1152
f 1105/2443/1191 993/2442/1113 916/2455/1061
f 1105/2443/1191 916/2455/1061 1051/2454/1197
f 1105/2443/1191 1051/2454/1197 1164/2505/1221
f 1059/2461/1201 1151/2506/1222 1107/2507/1223
f 1059/2461/1201 1107/2507/1223 1143/2508/1196
f 1059/2461/1201 1143/2508/1196 1000/2365/1154
f 1059/2461/1201 1000/2365/1154 945/2364/1134
f 1109/2457/1198 1102/2456/1152 1155/2509/1224
f 1003/2510/1157 1151/2506/1222 1004/2460/1158
f 1063/2511/1225 1050/2512/1115 1062/2513/1153
f 1063/2514/1225 1169/2515/1226 1113/2516/1227
f 1063/2511/1225 1113/2517/1227 1050/2512/1115
f 1067/2467/1205 1009/2466/1131 1065/2518/1130
f 1067/2467/1205 1065/2518/1130 1064/2519/1204
f 1067/2467/1205 1064/2519/1204 1114/2520/1228
f 1118/2464/1203 1011/2378/1160 1010/2380/1161
f 1118/2464/1203 1010/2380/1161 1069/2473/1207
f 1013/2521/1162 1012/2469/1135 1068/2468/1206
f 1013/2521/1162 1068/2468/1206 1168/2522/1229
f 1013/2521/1162 1168/2522/1229 1120/2523/1230
f 1122/2434/1186 1019/2395/1166 1080/2475/1209
f 1122/2434/1186 1080/2475/1209 1121/2524/1231
f 1020/2525/1169 1082/2526/1168 1186/2527/1232
f 1020/2525/1169 1186/2527/1232 1124/2528/1233
f 1020/2472/1169 1124/2529/1233 1069/2473/1207
f 1083/2486/1213 1022/2339/1142 1070/2400/1170
f 1083/2486/1213 1070/2400/1170 1120/2530/1230
f 1083/2486/1213 1120/2530/1230 1125/2531/1234
f 1096/2499/1219 1056/2459/1200 1126/2532/1235
f 1096/2533/1219 1126/2534/1235 1121/2524/1231
f 1096/2533/1219 1121/2524/1231 1031/2420/1177
f 1096/2533/1219 1031/2420/1177 1030/2419/1117
f 1026/2411/1174 1084/2269/1108 1128/2535/1236
f 1026/2411/1174 1128/2535/1236 1130/2536/1211
f 1076/2403/1171 1028/2481/1175 1075/2537/1212
f 1076/2538/1171 1075/2539/1212 1188/2540/1237
f 1076/2538/1171 1188/2540/1237 1131/2541/1238
f 1086/2488/1214 1085/2487/1180 1094/2498/1218
f 1086/2488/1214 1094/2498/1218 1132/2542/1239
f 1078/2406/1172 1131/2541/1238 1135/2543/1240
f 1078/2406/1172 1135/2543/1240 1088/2428/1182
f 1034/2544/1179 1098/2545/1178 1246/2546/1241
f 1034/2544/1179 1246/2546/1241 1196/2547/1242
f 1034/2544/1179 1196/2547/1242 1138/2548/1243
f 1034/2544/1179 1138/2548/1243 1081/2549/1167
f 1189/2448/1194 1140/2495/1217 1045/2356/1151
f 1140/2497/1217 1219/2550/1244 1094/2498/1218
f 1143/2508/1196 1107/2507/1223 1192/2551/1245
f 1143/2508/1196 1144/2552/1246 1100/2553/1193
f 1145/2554/1247 1046/2352/1149 1091/2410/1173
f 1145/2554/1247 1146/2555/1248 1101/2503/1220
f 1145/2554/1247 1101/2503/1220 1047/2502/1195
f 1145/2554/1247 1047/2502/1195 1046/2352/1149
f 1044/2446/1192 1105/2445/1191 1164/2556/1221
f 1044/2446/1192 1164/2556/1221 1206/2557/1249
f 1044/2446/1192 1206/2557/1249 1149/2558/1250
f 1044/2446/1192 1149/2558/1250 1098/2559/1178
f 1151/2506/1222 1059/2461/1201 1004/2460/1158
f 1110/2560/1251 1054/2561/1199 1109/2562/1198
f 1110/2560/1251 1153/2563/1252 1054/2561/1199
f 1155/2564/1224 1102/2504/1152 1101/2503/1220
f 1155/2564/1224 1101/2503/1220 1201/2565/1253
f 1155/2564/1224 1201/2565/1253 1202/2566/1254
f 1071/2474/1208 1074/2432/1184 1199/2567/1255
f 1071/2568/1208 1199/2569/1255 1156/2570/1256
f 1071/2568/1208 1156/2570/1256 1092/2494/1216
f 1071/2571/1208 1092/2492/1216 1072/2491/1165
f 1092/2494/1216 1156/2570/1256 1145/2554/1247
f 1092/2494/1216 1145/2554/1247 1091/2410/1173
f 1092/2494/1216 1091/2410/1173 1015/2409/1164
f 1158/2572/1257 1089/2429/1183 1159/2573/1258
f 1158/2572/1257 1159/2573/1258 1160/2574/1259
f 1158/2572/1257 1160/2574/1259 1161/2575/1260
f 1158/2572/1257 1161/2575/1260 1162/2576/1261
f 1158/2572/1257 1162/2576/1261 1040/2577/1189
f 1158/2572/1257 1040/2577/1189 1089/2429/1183
f 1051/2454/1197 1050/2453/1115 1113/2578/1227
f 1051/2454/1197 1113/2578/1227 1163/2579/1262
f 1051/2580/1197 1163/2581/1262 1164/2556/1221
f 1121/2524/1231 1080/2475/1209 1031/2420/1177
f 1064/2465/1204 1118/2464/1203 1166/2582/1263
f 1064/2465/1204 1166/2582/1263 1167/2583/1264
f 1064/2519/1204 1167/2584/1264 1114/2520/1228
f 1068/2468/1206 1067/2467/1205 1114/2520/1228
f 1068/2468/1206 1114/2520/1228 1167/2584/1264
f 1068/2468/1206 1167/2584/1264 1168/2522/1229
f 1169/2515/1226 1063/2514/1225 1062/2361/1153
f 1169/2585/1226 1227/2586/1265 1170/2587/1266
f 1169/2585/1226 1170/2587/1266 1171/2588/1267
f 1169/2515/1226 1171/2589/1267 1113/2516/1227
f 1069/2473/1207 1124/2529/1233 1217/2590/1268
f 1069/2473/1207 1217/2590/1268 1172/2591/1269
f 1069/2473/1207 1172/2591/1269 1118/2464/1203
f 1175/2463/1202 1039/2470/1188 1174/2592/1270
f 1175/2593/1202 1169/2515/1226 1062/2361/1153
f 1120/2530/1230 1070/2400/1170 1013/2383/1162
f 1120/2530/1230 1176/2594/1271 1125/2531/1234
f 1128/2535/1236 1084/2269/1108 1083/2486/1213
f 1128/2535/1236 1083/2486/1213 1125/2531/1234
f 1128/2535/1236 1125/2531/1234 1222/2595/1272
f 1128/2535/1236 1222/2595/1272 1177/2596/1273
f 1132/2542/1239 1179/2490/1215 1087/2489/1181
f 1132/2542/1239 1087/2489/1181 1086/2488/1214
f 1180/2597/1274 1079/2598/1176 1179/2599/1215
f 1180/2597/1274 1056/2600/1200 1079/2598/1176
f 1174/2601/1270 1039/2436/1188 1038/2435/1187
f 1174/2601/1270 1038/2435/1187 1182/2602/1275
f 1174/2603/1270 1182/2604/1275 1183/2605/1276
f 1174/2603/1270 1183/2605/1276 1184/2606/1277
f 1174/2603/1270 1184/2606/1277 1185/2607/1278
f 1174/2603/1270 1185/2607/1278 1175/2593/1202
f 1186/2527/1232 1082/2526/1168 1081/2549/1167
f 1186/2527/1232 1081/2549/1167 1138/2548/1243
f 1186/2527/1232 1238/2608/1279 1124/2528/1233
f 1075/2479/1212 1130/2478/1211 1230/2609/1280
f 1100/2553/1193 1144/2552/1246 1232/2610/1281
f 1232/2611/1281 1189/2448/1194 1100/2447/1193
f 1189/2612/1194 1232/2613/1281 1190/2614/1282
f 1189/2615/1194 1190/2616/1282 1140/2497/1217
f 1131/2541/1238 1078/2406/1172 1076/2538/1171
f 1131/2541/1238 1191/2617/1283 1135/2543/1240
f 1107/2507/1223 1151/2506/1222 1192/2551/1245
f 1162/2576/1261 1161/2575/1260 1194/2618/1284
f 1162/2576/1261 1194/2618/1284 1195/2619/1210
f 1162/2576/1261 1195/2619/1210 1040/2577/1189
f 1246/2620/1241 1098/2559/1178 1149/2558/1250
f 1151/2621/1222 1003/2622/1157 1054/2561/1199
f 1151/2621/1222 1054/2561/1199 1153/2563/1252
f 1110/2560/1251 1109/2623/1198 1155/2624/1224
f 1110/2560/1251 1155/2624/1224 1241/2625/1285
f 1110/2560/1251 1241/2625/1285 1276/2626/1286
f 1199/2567/1255 1074/2432/1184 1195/2476/1210
f 1201/2565/1253 1101/2503/1220 1146/2555/1248
f 1201/2565/1253 1146/2555/1248 1200/2627/1287
f 1146/2555/1248 1245/2628/1288 1200/2627/1287
f 1122/2434/1186 1121/2524/1231 1126/2534/1235
f 1122/2434/1186 1126/2534/1235 1204/2629/1289
f 1122/2434/1186 1204/2629/1289 1182/2602/1275
f 1122/2434/1186 1182/2602/1275 1038/2435/1187
f 1164/2556/1221 1212/2630/1290 1206/2557/1249
f 1159/2573/1258 1089/2429/1183 1088/2428/1182
f 1159/2573/1258 1088/2428/1182 1135/2543/1240
f 1159/2573/1258 1135/2543/1240 1191/2617/1283
f 1159/2573/1258 1191/2617/1283 1208/2631/1291
f 1159/2573/1258 1208/2631/1291 1209/2632/1292
f 1159/2573/1258 1209/2632/1292 1160/2574/1259
f 1166/2582/1263 1118/2464/1203 1172/2591/1269
f 1166/2582/1263 1172/2591/1269 1252/2633/1293
f 1113/2517/1227 1171/2634/1267 1261/2635/1294
f 1113/2578/1227 1261/2636/1294 1212/2637/1290
f 1113/2578/1227 1212/2637/1290 1163/2579/1262
f 1120/2638/1230 1168/2639/1229 1213/2640/1295
f 1120/2638/1230 1213/2640/1295 1176/2641/1271
f 1199/2569/1255 1195/2642/1210 1194/2643/1284
f 1199/2569/1255 1194/2643/1284 1215/2644/1296
f 1199/2569/1255 1215/2644/1296 1156/2570/1256
f 1217/2645/1268 1124/2528/1233 1238/2608/1279
f 1217/2590/1268 1305/2646/1297 1172/2591/1269
f 1219/2550/1244 1140/2497/1217 1190/2616/1282
f 1219/2550/1244 1221/2647/1298 1094/2498/1218
f 1221/2647/1298 1132/2542/1239 1094/2498/1218
f 1221/2647/1298 1303/2648/1299 1132/2542/1239
f 1222/2595/1272 1125/2531/1234 1176/2594/1271
f 1222/2595/1272 1176/2594/1271 1213/2649/1295
f 1222/2595/1272 1213/2649/1295 1265/2650/1300
f 1227/2651/1265 1169/2515/1226 1175/2593/1202
f 1227/2651/1265 1175/2593/1202 1185/2607/1278
f 1180/2597/1274 1257/2652/1301 1262/2653/1302
f 1180/2597/1274 1262/2653/1302 1126/2654/1235
f 1180/2597/1274 1126/2654/1235 1056/2600/1200
f 1230/2609/1280 1130/2478/1211 1128/2655/1236
f 1230/2609/1280 1128/2655/1236 1177/2656/1273
f 1230/2609/1280 1177/2656/1273 1229/2657/1303
f 1313/2658/1304 1144/2552/1246 1143/2508/1196
f 1313/2658/1304 1232/2610/1281 1144/2552/1246
f 1192/2551/1245 1271/2659/1305 1234/2660/1306
f 1192/2551/1245 1234/2660/1306 1143/2508/1196
f 1188/2661/1237 1235/2662/1307 1131/2663/1238
f 1138/2548/1243 1196/2547/1242 1237/2664/1308
f 1138/2548/1243 1237/2664/1308 1281/2665/1309
f 1138/2548/1243 1281/2665/1309 1238/2608/1279
f 1138/2548/1243 1238/2608/1279 1186/2527/1232
f 1153/2666/1252 1271/2659/1305 1151/2506/1222
f 1153/2563/1252 1110/2560/1251 1276/2626/1286
f 1241/2625/1285 1155/2624/1224 1202/2667/1254
f 1244/2668/1310 1145/2554/1247 1156/2570/1256
f 1244/2668/1310 1156/2570/1256 1215/2644/1296
f 1244/2668/1310 1215/2644/1296 1245/2628/1288
f 1244/2668/1310 1245/2628/1288 1146/2555/1248
f 1244/2668/1310 1146/2555/1248 1145/2554/1247
f 1149/2558/1250 1206/2557/1249 1298/2669/1311
f 1149/2558/1250 1298/2669/1311 1299/2670/1312
f 1149/2671/1250 1299/2672/1312 1246/2546/1241
f 1167/2673/1264 1166/2674/1263 1252/2675/1293
f 1167/2673/1264 1252/2675/1293 1285/2676/1313
f 1167/2673/1264 1285/2676/1313 1288/2677/1314
f 1167/2584/1264 1288/2678/1314 1248/2679/1315
f 1191/2680/1283 1249/2681/1316 1250/2682/1317
f 1191/2680/1283 1250/2682/1317 1251/2683/1318
f 1191/2617/1283 1251/2684/1318 1208/2631/1291
f 1252/2675/1293 1172/2685/1269 1305/2686/1297
f 1168/2639/1229 1167/2687/1264 1248/2688/1315
f 1168/2639/1229 1248/2688/1315 1289/2689/1319
f 1168/2639/1229 1289/2689/1319 1213/2640/1295
f 1212/2630/1290 1164/2556/1221 1163/2581/1262
f 1212/2630/1290 1253/2690/1320 1254/2691/1321
f 1303/2648/1299 1256/2692/1322 1179/2490/1215
f 1303/2648/1299 1179/2490/1215 1132/2542/1239
f 1256/2693/1322 1257/2652/1301 1180/2597/1274
f 1256/2693/1322 1180/2597/1274 1179/2599/1215
f 1259/2694/1323 1126/2654/1235 1262/2653/1302
f 1259/2694/1323 1183/2605/1276 1204/2695/1289
f 1259/2694/1323 1204/2695/1289 1126/2654/1235
f 1260/2696/1324 1219/2697/1244 1190/2698/1282
f 1260/2696/1324 1300/2699/1325 1221/2700/1298
f 1260/2696/1324 1221/2700/1298 1219/2697/1244
f 1171/2588/1267 1170/2587/1266 1227/2586/1265
f 1171/2588/1267 1227/2586/1265 1323/2701/1326
f 1171/2588/1267 1323/2701/1326 1261/2702/1294
f 1183/2605/1276 1182/2604/1275 1204/2695/1289
f 1190/2703/1282 1232/2610/1281 1267/2704/1327
f 1238/2608/1279 1281/2665/1309 1268/2705/1328
f 1238/2706/1279 1268/2707/1328 1217/2708/1268
f 1177/2656/1273 1222/2709/1272 1269/2710/1329
f 1177/2656/1273 1269/2710/1329 1229/2657/1303
f 1234/2711/1306 1354/2712/1330 1416/2713/1331
f 1234/2711/1306 1416/2713/1331 1313/2714/1304
f 1234/2660/1306 1313/2658/1304 1143/2508/1196
f 1271/2715/1305 1153/2716/1252 1355/2717/1332
f 1271/2659/1305 1192/2551/1245 1151/2506/1222
f 1272/2718/1333 1188/2719/1237 1075/2479/1212
f 1272/2718/1333 1075/2479/1212 1230/2609/1280
f 1272/2718/1333 1230/2609/1280 1229/2657/1303
f 1276/2626/1286 1241/2625/1285 1243/2720/1334
f 1276/2626/1286 1243/2720/1334 1321/2721/1335
f 1202/2722/1254 1201/2723/1253 1277/2724/1336
f 1202/2722/1254 1277/2724/1336 1278/2725/1337
f 1202/2722/1254 1278/2725/1337 1241/2726/1285
f 1237/2664/1308 1196/2547/1242 1246/2546/1241
f 1237/2664/1308 1246/2546/1241 1299/2672/1312
f 1237/2664/1308 1299/2672/1312 1333/2727/1338
f 1237/2664/1308 1333/2727/1338 1281/2665/1309
f 1277/2724/1336 1201/2723/1253 1200/2728/1287
f 1283/2729/1339 1160/2574/1259 1209/2632/1292
f 1283/2729/1339 1209/2632/1292 1284/2730/1340
f 1283/2731/1339 1284/2732/1340 1194/2643/1284
f 1283/2729/1339 1194/2618/1284 1161/2575/1260
f 1283/2729/1339 1161/2575/1260 1160/2574/1259
f 1248/2688/1315 1288/2733/1314 1326/2734/1341
f 1248/2688/1315 1326/2734/1341 1289/2689/1319
f 1249/2735/1316 1191/2617/1283 1131/2541/1238
f 1249/2681/1316 1131/2663/1238 1235/2662/1307
f 1249/2681/1316 1235/2662/1307 1292/2736/1342
f 1249/2681/1316 1292/2736/1342 1250/2682/1317
f 1185/2737/1278 1184/2738/1277 1293/2739/1343
f 1185/2737/1278 1293/2739/1343 1294/2740/1344
f 1185/2737/1278 1294/2740/1344 1227/2586/1265
f 1259/2741/1323 1262/2742/1302 1295/2743/1345
f 1259/2741/1323 1295/2743/1345 1296/2744/1346
f 1259/2741/1323 1296/2744/1346 1183/2745/1276
f 1298/2669/1311 1206/2557/1249 1212/2630/1290
f 1298/2669/1311 1212/2630/1290 1254/2691/1321
f 1221/2700/1298 1300/2699/1325 1302/2746/1347
f 1302/2746/1347 1303/2747/1299 1221/2700/1298
f 1256/2748/1322 1303/2747/1299 1358/2749/1348
f 1305/2686/1297 1217/2708/1268 1268/2707/1328
f 1305/2686/1297 1268/2707/1328 1353/2750/1349
f 1256/2751/1322 1358/2752/1348 1309/2753/1350
f 1256/2751/1322 1309/2753/1350 1295/2743/1345
f 1256/2751/1322 1295/2743/1345 1257/2754/1301
f 1253/2690/1320 1212/2630/1290 1261/2755/1294
f 1253/2690/1320 1261/2755/1294 1363/2756/1351
f 1253/2690/1320 1363/2756/1351 1311/2757/1352
f 1267/2758/1327 1338/2759/1353 1260/2760/1324
f 1267/2758/1327 1260/2760/1324 1190/2614/1282
f 1293/2739/1343 1184/2738/1277 1183/2745/1276
f 1293/2739/1343 1183/2745/1276 1296/2744/1346
f 1293/2739/1343 1296/2744/1346 1312/2761/1354
f 1293/2739/1343 1312/2761/1354 1294/2740/1344
f 1245/2628/1288 1215/2644/1296 1194/2643/1284
f 1245/2628/1288 1194/2643/1284 1284/2732/1340
f 1245/2762/1288 1284/2763/1340 1200/2764/1287
f 1313/2714/1304 1315/2765/1355 1232/2766/1281
f 1315/2767/1355 1267/2704/1327 1232/2610/1281
f 1269/2710/1329 1222/2709/1272 1265/2768/1300
f 1269/2769/1329 1265/2770/1300 1348/2771/1356
f 1269/2769/1329 1348/2771/1356 1349/2772/1357
f 1281/2665/1309 1429/2773/1358 1268/2705/1328
f 1229/2657/1303 1269/2710/1329 1318/2774/1359
f 1229/2657/1303 1318/2774/1359 1319/2775/1360
f 1229/2657/1303 1319/2775/1360 1272/2718/1333
f 1271/2715/1305 1355/2717/1332 1393/2776/1361
f 1271/2777/1305 1393/2778/1361 1354/2712/1330
f 1271/2777/1305 1354/2712/1330 1234/2711/1306
f 1355/2779/1332 1153/2780/1252 1276/2781/1286
f 1355/2782/1332 1276/2783/1286 1321/2784/1335
f 1243/2785/1334 1241/2726/1285 1278/2725/1337
f 1295/2743/1345 1262/2742/1302 1257/2754/1301
f 1323/2701/1326 1344/2786/1362 1261/2702/1294
f 1288/2733/1314 1417/2787/1363 1326/2734/1341
f 1251/2683/1318 1250/2682/1317 1292/2736/1342
f 1251/2683/1318 1292/2736/1342 1328/2788/1364
f 1251/2683/1318 1328/2788/1364 1329/2789/1365
f 1251/2684/1318 1329/2790/1365 1209/2632/1292
f 1251/2684/1318 1209/2632/1292 1208/2631/1291
f 1285/2676/1313 1252/2675/1293 1305/2686/1297
f 1285/2676/1313 1305/2686/1297 1330/2791/1366
f 1285/2676/1313 1330/2791/1366 1331/2792/1367
f 1299/2672/1312 1332/2793/1368 1333/2727/1338
f 1284/2730/1340 1209/2632/1292 1329/2790/1365
f 1284/2763/1340 1329/2789/1365 1335/2794/1369
f 1284/2763/1340 1335/2794/1369 1200/2764/1287
f 1289/2689/1319 1367/2795/1370 1336/2796/1371
f 1289/2689/1319 1336/2796/1371 1213/2640/1295
f 1338/2797/1353 1300/2699/1325 1260/2696/1324
f 1300/2699/1325 1338/2798/1353 1339/2799/1372
f 1235/2662/1307 1188/2661/1237 1272/2800/1333
f 1235/2662/1307 1272/2800/1333 1319/2801/1360
f 1235/2662/1307 1319/2801/1360 1342/2802/1373
f 1323/2701/1326 1227/2586/1265 1294/2740/1344
f 1323/2701/1326 1294/2740/1344 1343/2803/1374
f 1323/2701/1326 1343/2803/1374 1344/2786/1362
f 1254/2691/1321 1253/2690/1320 1311/2757/1352
f 1254/2691/1321 1311/2757/1352 1392/2804/1375
f 1254/2691/1321 1392/2804/1375 1345/2805/1376
f 1254/2806/1321 1345/2807/1376 1346/2808/1377
f 1254/2806/1321 1346/2808/1377 1298/2809/1311
f 1348/2810/1356 1265/2811/1300 1213/2640/1295
f 1348/2771/1356 1213/2812/1295 1382/2813/1378
f 1296/2744/1346 1295/2743/1345 1352/2814/1379
f 1296/2744/1346 1352/2814/1379 1312/2761/1354
f 1353/2815/1349 1268/2705/1328 1429/2773/1358
f 1416/2713/1331 1384/2816/1380 1313/2714/1304
f 1321/2784/1335 1386/2817/1381 1355/2782/1332
f 1278/2725/1337 1405/2818/1382 1356/2819/1383
f 1278/2725/1337 1356/2819/1383 1243/2785/1334
f 1278/2725/1337 1277/2724/1336 1335/2820/1369
f 1278/2725/1337 1335/2820/1369 1405/2818/1382
f 1358/2821/1348 1303/2822/1299 1302/2823/1347
f 1358/2821/1348 1302/2823/1347 1389/2824/1384
f 1277/2724/1336 1200/2728/1287 1335/2820/1369
f 1358/2821/1348 1389/2824/1384 1359/2825/1385
f 1358/2752/1348 1359/2826/1385 1352/2814/1379
f 1358/2752/1348 1352/2814/1379 1309/2753/1350
f 1295/2743/1345 1309/2753/1350 1352/2814/1379
f 1318/2774/1359 1269/2710/1329 1349/2827/1357
f 1318/2774/1359 1349/2827/1357 1362/2828/1386
f 1363/2829/1351 1370/2830/1387 1311/2831/1352
f 1339/2832/1372 1389/2824/1384 1302/2823/1347
f 1339/2799/1372 1302/2746/1347 1300/2699/1325
f 1288/2677/1314 1285/2676/1313 1331/2792/1367
f 1288/2677/1314 1331/2792/1367 1365/2833/1388
f 1288/2834/1314 1365/2835/1388 1417/2836/1363
f 1367/2795/1370 1289/2689/1319 1326/2734/1341
f 1367/2795/1370 1326/2734/1341 1417/2787/1363
f 1363/2837/1351 1261/2702/1294 1344/2786/1362
f 1363/2837/1351 1344/2786/1362 1369/2838/1389
f 1363/2837/1351 1369/2838/1389 1370/2839/1387
f 1333/2727/1338 1372/2840/1390 1281/2665/1309
f 1330/2791/1366 1305/2686/1297 1353/2750/1349
f 1330/2791/1366 1353/2750/1349 1394/2841/1391
f 1330/2842/1366 1394/2843/1391 1374/2844/1392
f 1330/2791/1366 1374/2845/1392 1331/2792/1367
f 1375/2846/1393 1267/2758/1327 1315/2847/1355
f 1375/2846/1393 1315/2847/1355 1410/2848/1394
f 1375/2846/1393 1376/2849/1395 1267/2758/1327
f 1376/2849/1395 1338/2759/1353 1267/2758/1327
f 1319/2850/1360 1377/2851/1396 1380/2852/1397
f 1319/2801/1360 1380/2853/1397 1342/2802/1373
f 1382/2854/1378 1213/2640/1295 1336/2796/1371
f 1382/2813/1378 1336/2855/1371 1381/2856/1398
f 1332/2857/1368 1299/2858/1312 1298/2809/1311
f 1332/2857/1368 1298/2809/1311 1346/2808/1377
f 1335/2859/1369 1329/2860/1365 1328/2861/1364
f 1335/2862/1369 1328/2863/1364 1383/2864/1399
f 1335/2820/1369 1383/2865/1399 1405/2818/1382
f 1384/2816/1380 1410/2866/1394 1315/2765/1355
f 1384/2816/1380 1315/2765/1355 1313/2714/1304
f 1321/2867/1335 1243/2868/1334 1356/2869/1383
f 1321/2867/1335 1356/2869/1383 1425/2870/1400
f 1321/2867/1335 1425/2870/1400 1386/2871/1381
f 1343/2803/1374 1294/2740/1344 1312/2761/1354
f 1343/2803/1374 1312/2761/1354 1352/2814/1379
f 1343/2803/1374 1352/2814/1379 1359/2826/1385
f 1343/2803/1374 1359/2826/1385 1387/2872/1401
f 1343/2803/1374 1387/2872/1401 1344/2786/1362
f 1389/2824/1384 1339/2832/1372 1388/2873/1402
f 1349/2772/1357 1390/2874/1403 1391/2875/1404
f 1349/2772/1357 1391/2875/1404 1362/2876/1386
f 1392/2804/1375 1395/2877/1405 1345/2805/1376
f 1355/2717/1332 1413/2878/1406 1393/2776/1361
f 1429/2773/1358 1281/2665/1309 1372/2840/1390
f 1429/2879/1358 1372/2880/1390 1409/2881/1407
f 1429/2882/1358 1394/2883/1391 1353/2750/1349
f 1417/2836/1363 1365/2835/1388 1399/2884/1408
f 1392/2885/1375 1311/2831/1352 1370/2830/1387
f 1392/2885/1375 1370/2830/1387 1420/2886/1409
f 1392/2885/1375 1420/2886/1409 1395/2887/1405
f 1376/2888/1395 1398/2889/1410 1339/2890/1372
f 1376/2888/1395 1339/2890/1372 1338/2891/1353
f 1398/2892/1410 1388/2873/1402 1339/2832/1372
f 1365/2835/1388 1331/2893/1367 1374/2894/1392
f 1365/2835/1388 1374/2894/1392 1428/2895/1411
f 1365/2835/1388 1428/2895/1411 1399/2884/1408
f 1342/2896/1373 1380/2852/1397 1400/2897/1412
f 1342/2896/1373 1400/2897/1412 1401/2898/1413
f 1342/2802/1373 1401/2899/1413 1292/2736/1342
f 1342/2802/1373 1292/2736/1342 1235/2662/1307
f 1328/2788/1364 1292/2736/1342 1401/2899/1413
f 1328/2863/1364 1401/2898/1413 1383/2864/1399
f 1381/2900/1398 1336/2796/1371 1367/2795/1370
f 1381/2856/1398 1367/2901/1370 1418/2902/1414
f 1381/2856/1398 1418/2902/1414 1402/2903/1415
f 1381/2856/1398 1402/2903/1415 1382/2813/1378
f 1377/2851/1396 1319/2850/1360 1318/2904/1359
f 1377/2851/1396 1318/2904/1359 1362/2905/1386
f 1377/2851/1396 1362/2905/1386 1391/2906/1404
f 1377/2851/1396 1391/2906/1404 1403/2907/1416
f 1377/2851/1396 1403/2907/1416 1380/2852/1397
f 1405/2818/1382 1383/2865/1399 1356/2819/1383
f 1359/2825/1385 1389/2824/1384 1407/2908/1417
f 1359/2825/1385 1407/2908/1417 1387/2909/1401
f 1372/2880/1390 1333/2910/1338 1332/2857/1368
f 1372/2880/1390 1332/2857/1368 1346/2808/1377
f 1372/2880/1390 1346/2808/1377 1408/2911/1418
f 1372/2880/1390 1408/2911/1418 1409/2881/1407
f 1369/2838/1389 1344/2786/1362 1387/2872/1401
f 1369/2912/1389 1387/2909/1401 1423/2913/1419
f 1369/2912/1389 1423/2913/1419 1420/2886/1409
f 1369/2912/1389 1420/2886/1409 1370/2830/1387
f 1410/2866/1394 1384/2816/1380 1458/2914/1420
f 1410/2866/1394 1458/2914/1420 1443/2915/1421
f 1410/2848/1394 1443/2916/1421 1444/2917/1422
f 1410/2848/1394 1444/2917/1422 1375/2846/1393
f 1394/2843/1391 1428/2918/1411 1374/2844/1392
f 1390/2874/1403 1349/2772/1357 1348/2771/1356
f 1390/2874/1403 1348/2771/1356 1382/2813/1378
f 1390/2874/1403 1382/2813/1378 1411/2919/1423
f 1390/2874/1403 1411/2919/1423 1412/2920/1424
f 1346/2808/1377 1345/2807/1376 1395/2921/1405
f 1346/2808/1377 1395/2921/1405 1414/2922/1425
f 1355/2717/1332 1386/2923/1381 1413/2878/1406
f 1395/2924/1405 1421/2925/1426 1414/2926/1425
f 1415/2927/1427 1416/2713/1331 1354/2712/1330
f 1415/2928/1427 1354/2929/1330 1393/2930/1361
f 1416/2713/1331 1415/2927/1427 1458/2914/1420
f 1416/2713/1331 1458/2914/1420 1384/2816/1380
f 1418/2931/1414 1367/2795/1370 1417/2787/1363
f 1444/2917/1422 1419/2932/1428 1376/2849/1395
f 1444/2917/1422 1376/2849/1395 1375/2846/1393
f 1419/2933/1428 1398/2889/1410 1376/2888/1395
f 1420/2886/1409 1421/2934/1426 1395/2887/1405
f 1407/2908/1417 1389/2824/1384 1388/2873/1402
f 1407/2908/1417 1388/2873/1402 1422/2935/1429
f 1407/2908/1417 1422/2935/1429 1423/2913/1419
f 1407/2908/1417 1423/2913/1419 1387/2909/1401
f 1383/2864/1399 1401/2898/1413 1400/2897/1412
f 1383/2864/1399 1400/2897/1412 1424/2936/1430
f 1383/2937/1399 1424/2938/1430 1425/2870/1400
f 1383/2937/1399 1425/2870/1400 1356/2869/1383
f 1391/2939/1404 1412/2940/1424 1426/2941/1431
f 1391/2939/1404 1426/2941/1431 1403/2942/1416
f 1425/2870/1400 1424/2938/1430 1427/2943/1432
f 1425/2870/1400 1427/2943/1432 1386/2871/1381
f 1398/2889/1410 1422/2944/1429 1388/2945/1402
f 1399/2884/1408 1428/2895/1411 1418/2946/1414
f 1399/2884/1408 1418/2946/1414 1417/2947/1363
f 1408/2911/1418 1346/2808/1377 1434/2948/1433
f 1411/2919/1423 1382/2813/1378 1402/2903/1415
f 1411/2919/1423 1402/2903/1415 1430/2949/1434
f 1411/2919/1423 1430/2949/1434 1431/2950/1435
f 1413/2951/1406 1442/2952/1436 1432/2953/1437
f 1413/2951/1406 1432/2953/1437 1393/2930/1361
f 1403/2942/1416 1426/2941/1431 1441/2954/1438
f 1403/2942/1416 1441/2954/1438 1433/2955/1439
f 1403/2907/1416 1433/2956/1439 1380/2852/1397
f 1400/2897/1412 1380/2852/1397 1433/2956/1439
f 1400/2957/1412 1433/2955/1439 1424/2938/1430
f 1423/2913/1419 1437/2958/1440 1420/2886/1409
f 1434/2948/1433 1346/2808/1377 1414/2922/1425
f 1434/2948/1433 1414/2922/1425 1449/2959/1441
f 1415/2928/1427 1393/2930/1361 1432/2953/1437
f 1415/2928/1427 1432/2953/1437 1435/2960/1442
f 1415/2927/1427 1435/2961/1442 1458/2914/1420
f 1422/2944/1429 1398/2889/1410 1419/2933/1428
f 1422/2944/1429 1419/2933/1428 1436/2962/1443
f 1422/2944/1429 1436/2962/1443 1437/2963/1440
f 1394/2964/1391 1429/2965/1358 1452/2966/1444
f 1394/2967/1391 1452/2968/1444 1438/2969/1445
f 1421/2925/1426 1439/2970/1446 1414/2926/1425
f 1440/2971/1447 1456/2972/1448 1402/2903/1415
f 1440/2971/1447 1402/2903/1415 1418/2902/1414
f 1412/2920/1424 1391/2875/1404 1390/2874/1403
f 1412/2940/1424 1431/2973/1435 1448/2974/1449
f 1412/2940/1424 1448/2974/1449 1426/2941/1431
f 1437/2958/1440 1423/2913/1419 1422/2935/1429
f 1427/2943/1432 1441/2954/1438 1442/2975/1436
f 1427/2943/1432 1442/2975/1436 1386/2871/1381
f 1442/2976/1436 1413/2878/1406 1386/2923/1381
f 1433/2955/1439 1441/2954/1438 1424/2938/1430
f 1458/2914/1420 1459/2977/1450 1443/2978/1421
f 1445/2979/1451 1420/2980/1409 1437/2963/1440
f 1445/2979/1451 1446/2981/1452 1439/2970/1446
f 1445/2979/1451 1439/2970/1446 1420/2980/1409
f 1439/2970/1446 1421/2925/1426 1420/2980/1409
f 1419/2933/1428 1444/2982/1422 1436/2962/1443
f 1441/2954/1438 1427/2943/1432 1424/2938/1430
f 1428/2983/1411 1394/2967/1391 1438/2969/1445
f 1428/2983/1411 1438/2969/1445 1463/2984/1453
f 1428/2983/1411 1463/2984/1453 1447/2985/1454
f 1447/2986/1454 1440/2987/1447 1418/2946/1414
f 1447/2986/1454 1418/2946/1414 1428/2895/1411
f 1409/2881/1407 1408/2911/1418 1461/2988/1455
f 1437/2963/1440 1436/2962/1443 1445/2979/1451
f 1408/2911/1418 1434/2948/1433 1449/2959/1441
f 1408/2911/1418 1449/2959/1441 1461/2988/1455
f 1432/2953/1437 1442/2952/1436 1464/2989/1456
f 1432/2953/1437 1464/2989/1456 1435/2960/1442
f 1431/2950/1435 1412/2920/1424 1411/2919/1423
f 1431/2973/1435 1466/2990/1457 1448/2974/1449
f 1449/2991/1441 1414/2926/1425 1439/2970/1446
f 1449/2991/1441 1439/2970/1446 1446/2981/1452
f 1449/2991/1441 1446/2981/1452 1460/2992/1458
f 1441/2954/1438 1426/2941/1431 1450/2993/1459
f 1436/2962/1443 1444/2982/1422 1451/2994/1460
f 1448/2974/1449 1450/2993/1459 1426/2941/1431
f 1442/2952/1436 1450/2995/1459 1464/2989/1456
f 1450/2993/1459 1442/2975/1436 1441/2954/1438
f 1452/2966/1444 1429/2965/1358 1409/2996/1407
f 1452/2968/1444 1454/2997/1461 1438/2969/1445
f 1436/2962/1443 1446/2981/1452 1445/2979/1451
f 1452/2998/1444 1409/2881/1407 1461/2988/1455
f 1452/2998/1444 1461/2988/1455 1453/2999/1462
f 1452/2998/1444 1453/2999/1462 1454/3000/1461
f 1456/3001/1448 1440/2987/1447 1447/2986/1454
f 1430/2949/1434 1402/2903/1415 1456/2972/1448
f 1430/2949/1434 1456/2972/1448 1455/3002/1463
f 1430/2949/1434 1455/3002/1463 1431/2950/1435
f 1435/2960/1442 1457/3003/1464 1458/3004/1420
f 1458/2914/1420 1457/3005/1464 1459/2977/1450
f 1449/2991/1441 1460/2992/1458 1469/3006/1465
f 1449/2959/1441 1469/3007/1465 1461/2988/1455
f 1462/3008/1466 1444/2917/1422 1443/2916/1421
f 1462/3008/1466 1443/2916/1421 1459/3009/1450
f 1462/3008/1466 1451/3010/1460 1444/2917/1422
f 1463/2984/1453 1470/3011/1467 1447/2985/1454
f 1450/2995/1459 1448/3012/1449 1467/3013/1468
f 1450/2995/1459 1467/3013/1468 1464/2989/1456
f 1454/2997/1461 1468/3014/1469 1463/2984/1453
f 1454/2997/1461 1463/2984/1453 1438/2969/1445
f 1451/3015/1460 1462/3016/1466 1469/3017/1465
f 1451/2994/1460 1469/3006/1465 1460/2992/1458
f 1451/2994/1460 1460/2992/1458 1446/2981/1452
f 1451/2994/1460 1446/2981/1452 1436/2962/1443
f 1465/3018/1470 1470/3019/1467 1455/3020/1463
f 1465/3021/1470 1455/3022/1463 1456/3001/1448
f 1465/3021/1470 1456/3001/1448 1447/2986/1454
f 1455/3020/1463 1470/3019/1467 1472/3023/1471
f 1455/3020/1463 1472/3023/1471 1431/3024/1435
f 1466/2990/1457 1431/2973/1435 1472/3025/1471
f 1466/3026/1457 1472/3023/1471 1467/3013/1468
f 1466/2990/1457 1467/3027/1468 1448/2974/1449
f 1464/2989/1456 1473/3028/1472 1457/3003/1464
f 1464/2989/1456 1457/3003/1464 1435/2960/1442
f 1453/2999/1462 1461/2988/1455 1471/3029/1473
f 1453/2999/1462 1471/3029/1473 1468/3030/1469
f 1453/2999/1462 1468/3030/1469 1454/3000/1461
f 1471/3029/1473 1461/2988/1455 1469/3007/1465
f 1467/3013/1468 1473/3028/1472 1464/2989/1456
f 1473/3031/1472 1459/3032/1450 1457/3033/1464
f 1473/3031/1472 1462/3034/1466 1459/3032/1450
f 1462/3034/1466 1473/3031/1472 1469/3035/1465
f 1468/3014/1469 1470/3011/1467 1463/2984/1453
f 1467/3013/1468 1472/3023/1471 1470/3019/1467
f 1467/3013/1468 1470/3019/1467 1473/3028/1472
f 1470/3011/1467 1465/3036/1470 1447/2985/1454
f 1471/3037/1473 1469/3035/1465 1473/3031/1472
f 1471/3037/1473 1473/3031/1472 1468/3038/1469
f 1470/3039/1467 1468/3038/1469 1473/3031/1472
f 426/1813/877 483/1849/892 546/1819/880
f 483/1849/892 542/1916/921 546/1819/880
f 534/3040/919 495/1861/878 546/1819/880
